Race Number,Passes P1,Passes P2,Collisions,Choices,Proportion Ahead P1,Proportion Ahead P2,Win P1,Win P2,Progress P1,Progress P2,Out of Bounds P1,Out of Bounds P2,Progress Cost P1,Progress Cost P2,Bounds Cost P1,Bounds Cost P2,Proximity Cost P1,Proximity Cost P2,Initial X Position P1,Initial Y Position P1,Initial X Position P2,Initial Y Position P2,Adjustment Count P2
1,0,1,0,22,0.77,0.23,False,True,3,4,0,3,-4.27,4.6,0.3,3.82,1.45,1.19,695,750,903,679,8
2,0,1,0,22,0.41,0.59,False,True,3,11,0,1,6.67,-6.6,0.3,2.44,0.69,0.22,402,554,505,685,2
3,0,1,0,22,0.91,0.09,False,True,3,4,0,5,-5.68,5.85,0.2,4.38,1.16,0.17,794,736,975,597,5
4,0,1,0,22,0.68,0.32,False,True,3,4,0,0,-2.24,2.57,0.08,3.06,0.68,0,772,742,960,620,6
5,0,1,0,22,0.95,0.05,False,True,9,10,0,0,-7.62,8.01,0.14,2.33,1.14,1.27,909,176,657,103,9
6,0,1,0,22,0.86,0.14,False,True,3,4,0,3,-4.25,4.52,0.26,4.89,1.01,0.14,456,640,644,745,7
7,0,1,0,22,0.68,0.32,False,True,3,5,0,0,-2.65,3.03,0.61,0.75,2.71,2.89,613,738,872,701,5
8,0,1,0,22,0.73,0.27,False,True,3,4,0,0,-1.43,1.43,2.3,2.87,0.85,0.29,474,659,596,733,8
9,0,1,0,22,0.64,0.36,False,True,3,10,0,0,-0.79,0.79,0.8,3.64,0.84,0.67,422,594,522,697,7
10,0,1,0,22,0.82,0.18,False,True,3,10,0,0,-4.27,4.47,0.31,3.56,0.96,0.25,387,511,520,696,4
11,0,1,0,22,0.45,0.55,False,True,3,4,0,0,4.19,-4.48,0.41,1.23,2.34,3.18,882,694,968,609,7
12,0,1,0,22,0.36,0.64,False,True,3,10,0,0,4.31,-4.46,0.27,3.02,0.97,0.96,417,586,477,661,8
13,0,1,0,22,0.59,0.41,False,True,9,10,0,1,1.98,-2.13,0.86,3.6,1.48,0.46,406,286,377,388,7
14,0,1,0,22,0.55,0.45,False,True,3,10,0,0,1.21,-0.92,1.02,0.6,2.02,1.96,1023,394,918,184,3
15,0,1,0,22,0.82,0.18,False,True,9,10,0,0,-4.39,4.76,0.37,2.96,3.39,2.77,376,397,442,622,10
16,0,1,0,22,0.41,0.59,False,True,3,5,0,0,6.12,-5.88,0.33,1.98,0.36,0.3,752,746,918,666,3
17,0,1,0,22,0.73,0.27,False,True,9,10,0,3,-1.08,0.97,0.37,5.14,1.5,0.48,884,157,785,111,7
18,0,1,0,22,0.41,0.55,False,True,9,11,0,0,6.04,-5.79,0.33,1.98,0.34,0.28,560,132,422,256,3
19,0,1,0,22,0.45,0.55,False,True,9,11,0,0,4.93,-5.11,0.36,1.65,0.35,0.19,930,196,783,111,2
20,0,1,0,22,0.86,0.14,False,True,3,4,0,4,-4.54,4.74,0.48,5.19,1.77,0.17,523,697,738,748,5
21,0,1,0,22,0.59,0.41,False,True,8,10,0,0,4.63,-4.32,0.51,0.6,2.68,2.74,936,202,718,101,4
22,0,1,0,22,0.64,0.36,False,True,8,11,0,0,3.01,-2.69,0.58,0.62,2.06,1.76,593,118,405,288,4
23,0,1,0,22,0.59,0.41,False,True,2,10,0,0,4.34,-4.01,0.69,0.6,2.57,2.65,394,316,405,562,4
24,0,1,0,22,0.45,0.55,False,True,1,5,0,0,12.31,-12.46,1.34,1.35,0.59,0.27,872,701,983,584,4
25,0,1,0,22,0.5,0.5,False,True,3,5,0,0,2.63,-2.66,0.19,1.25,1.31,1.23,759,745,924,661,4
26,0,1,0,22,0.86,0.14,False,True,3,4,0,6,-3.8,4.11,0.46,5.03,3.71,3.03,552,714,783,739,5
27,0,0,0,22,1,0,True,False,9,8,0,0,-14.49,15.18,0.33,1.75,1.29,0.84,983,266,781,110,1
28,0,1,0,22,0.59,0.41,False,True,8,10,0,0,4.64,-4.32,0.69,0.6,2.62,2.68,1019,361,886,159,4
29,0,1,0,22,0.59,0.41,False,True,2,10,0,1,6.61,-6.62,0.5,3.67,1.95,0.6,448,220,383,354,5
30,0,1,0,22,0.55,0.45,False,True,9,10,0,0,4.45,-4.63,0.36,2.85,1.74,1.25,530,148,451,216,9
31,0,1,0,22,0.41,0.59,False,True,9,11,0,0,5.55,-5.57,0.22,1.36,0.61,0.47,586,121,440,229,2
32,0,1,0,22,0.55,0.45,False,True,3,4,0,0,1.38,-1.33,0.2,1.34,1.76,2.57,887,691,1003,543,7
33,0,1,0,22,0.36,0.64,False,True,9,10,0,0,6.71,-6.81,0.38,3.02,0.63,0.34,426,250,384,349,5
34,0,1,0,22,0.68,0.32,False,True,9,10,0,0,-3.67,4.13,0.25,2.79,2.92,3.05,378,382,462,647,5
35,0,1,0,22,0.36,0.64,False,True,1,11,0,0,19.3,-19.31,0.42,0.91,0.52,0.28,396,539,502,683,2
36,0,1,0,22,0.45,0.55,False,True,7,10,0,0,15.7,-15.63,1.22,0.98,0.39,0.44,1003,308,908,175,3
37,0,1,0,22,0.36,0.64,False,True,9,10,0,0,9.98,-10.16,0.38,1.97,0.53,0.17,779,110,649,104,4
38,0,1,0,22,0.41,0.59,False,True,9,10,0,0,5.99,-6.06,0.38,1.34,0.28,0.24,625,109,461,205,2
39,0,1,0,22,0.64,0.36,False,True,9,10,0,5,-2.44,2.78,0.31,4.95,0.51,0,418,263,385,506,3
40,0,1,0,22,0.59,0.41,False,True,3,5,0,0,-0.23,0.73,0.29,0.68,2.86,2.71,652,746,915,669,4
41,0,1,0,22,0.36,0.64,False,True,1,4,0,4,18.55,-18.51,0.41,3.31,0.36,0.18,804,733,912,671,3
42,0,1,0,22,0.55,0.45,False,True,9,10,0,0,-0.29,0.65,0.31,1.17,3.21,3.4,433,239,380,481,5
43,0,1,0,22,0.59,0.41,False,True,3,4,0,0,0,0.21,0.2,2.68,0.91,0.65,951,632,1024,447,6
44,0,1,0,22,0.36,0.64,False,True,7,11,0,0,19.54,-19.56,0.41,1.36,0.38,0.31,972,248,833,128,2
45,0,1,0,22,0.59,0.41,False,True,3,4,0,4,-0.86,1.1,0.28,4.28,1.47,0.85,743,747,936,648,3
46,0,1,0,22,0.55,0.45,False,True,3,11,0,0,-1.13,1.61,0.21,0.79,3.06,3.2,1025,418,905,173,5
47,0,1,0,22,0.73,0.27,False,True,3,10,0,3,-3.8,4.11,0.38,3.36,1.87,1.35,375,418,459,643,6
48,0,1,0,22,0.36,0.64,False,True,7,11,0,0,19.17,-19.18,0.42,0.91,0.55,0.29,999,299,886,158,2
49,0,1,0,22,0.41,0.59,False,True,1,10,0,0,16.55,-16.41,0.42,1.03,0.39,0.51,515,158,395,314,3
50,0,1,0,22,0.68,0.32,False,True,2,10,0,0,0.43,-0.03,0.46,0.62,4.87,5.1,403,557,604,735,6
51,0,1,0,22,0.36,0.64,False,True,1,5,0,0,19.48,-19.49,0.41,1.36,0.36,0.3,752,746,918,666,2
52,0,1,0,22,0.36,0.64,False,True,1,10,0,3,17.85,-17.83,0.41,3.89,0.37,0,1025,412,984,268,3
53,0,1,0,22,0.45,0.55,False,True,1,5,0,0,13.32,-12.94,0.41,0.63,0.53,0.67,534,704,795,736,1
54,0,1,0,22,0.41,0.59,False,True,7,11,0,0,14.1,-13.63,0.41,0.79,0.45,0.6,922,188,668,102,1
55,0,1,0,22,0.41,0.59,False,True,1,10,0,6,14.95,-15.18,0.41,4.37,0.44,0.15,385,505,440,620,3
56,0,1,0,22,0.36,0.64,False,True,1,5,0,0,19.76,-19.88,0.41,1.23,0.27,0.27,872,701,983,584,3
57,0,1,0,22,0.41,0.59,False,True,1,4,0,2,12.46,-12.02,0.41,2.36,0.38,0.38,574,725,817,728,2
58,0,1,0,22,0.36,0.64,False,True,7,10,0,0,19.34,-19.42,0.41,2.4,0.59,0.16,989,277,927,193,5
59,0,1,0,22,0.41,0.59,False,True,1,10,0,0,16.59,-16.31,0.41,1.21,0.78,0.79,456,640,644,745,2
60,0,1,0,22,0.32,0.68,False,True,1,4,0,13,19.47,-19.62,1.03,9.14,0.76,1.04,887,691,968,609,3
61,0,1,0,22,0.36,0.64,False,True,1,10,0,0,17.64,-17.92,0.41,2.42,1.13,1.07,595,118,509,162,3
62,0,1,0,22,0.36,0.64,False,True,1,4,0,0,20.24,-20.45,0.41,1.82,1.96,1.86,941,643,997,556,4
63,0,1,0,22,0.36,0.64,False,True,1,4,0,0,21.24,-21.38,0.41,1.6,0.86,0.7,828,724,914,670,6
64,0,1,0,22,0.45,0.55,False,True,1,5,0,0,13.47,-12.97,0.41,0.79,0.31,0.61,840,718,1015,504,1
65,0,1,0,22,0.36,0.64,False,True,1,10,0,0,19.48,-19.57,0.41,2.4,0.62,0.18,402,554,457,641,5
66,0,1,0,22,0.41,0.59,False,True,1,5,0,0,16.28,-15.98,0.41,1.21,0.69,0.71,704,750,910,673,2
67,0,1,0,22,0.36,0.64,False,True,1,4,0,4,18.44,-18.39,0.41,3.31,0.33,0.17,976,597,1020,479,3
68,0,1,0,22,0.36,0.64,False,True,1,11,0,0,19.58,-19.59,0.41,1.36,0.39,0.31,508,163,397,308,2
69,0,1,0,22,0.41,0.59,False,True,1,10,0,4,12.04,-11.71,0.41,4.28,0.22,0.22,1025,418,929,195,2
70,0,1,0,22,0.32,0.68,False,True,1,10,0,13,19.59,-19.75,1.03,9.14,0.9,1.1,437,234,387,337,3
71,0,1,0,22,0.36,0.64,False,True,1,4,0,3,18.27,-18.27,0.41,3.89,0.42,0,474,659,596,733,3
72,0,1,0,22,0.41,0.59,False,True,1,11,0,0,19.37,-19.21,0.41,1.15,0.49,0.46,380,479,461,646,3
73,0,1,0,22,0.36,0.64,False,True,1,10,0,3,18.01,-18.01,0.41,3.89,0.39,0,632,107,498,170,3
74,0,1,0,22,0.36,0.64,False,True,1,10,0,0,18.49,-18.48,0.41,2.42,0.77,0.73,548,138,443,226,5
75,0,1,0,22,0.36,0.64,False,True,1,11,0,1,24.16,-24.11,0.41,2.44,0.28,0.28,631,107,487,179,2
76,0,1,0,22,0.36,0.64,False,True,1,5,0,1,24.24,-24.19,0.41,2.44,0.29,0.29,823,726,951,631,2
77,0,1,0,22,0.41,0.59,False,True,1,5,0,0,16.18,-15.87,0.41,1.21,0.66,0.68,723,749,926,659,2
78,0,1,0,22,0.41,0.59,False,True,1,5,0,0,15.37,-14.97,0.41,0.79,0.43,0.54,653,747,895,685,1
79,0,1,0,22,0.36,0.64,False,True,1,10,0,0,21.54,-21.6,0.41,0.8,0.94,1.37,1025,407,994,287,5
80,0,1,0,22,0.41,0.55,False,True,3,4,0,0,2.39,-2.52,0.05,4.52,1.36,0.21,651,746,747,747,6
81,0,1,0,22,0.41,0.59,False,True,7,10,0,0,15.54,-15.59,0.41,1.78,0.83,0.67,1015,344,956,224,6
82,0,1,0,22,0.45,0.55,False,True,1,11,0,0,12.59,-12.05,0.41,0.79,0.29,0.55,597,117,392,322,2
83,0,1,0,22,0.36,0.64,False,True,1,11,0,1,23.65,-23.57,0.41,2.44,0.19,0.19,555,134,428,247,2
84,0,1,0,22,0.36,0.64,False,True,1,10,0,0,17.66,-17.94,0.41,2.42,1.14,1.08,850,137,759,105,3
85,0,1,0,22,0.41,0.59,False,True,7,11,0,0,14.69,-14.3,0.41,1,0.42,0.42,950,218,726,101,0
86,0,1,0,22,0.41,0.59,False,True,1,5,0,0,13.6,-13.11,0.41,0.79,0.44,0.62,788,738,997,558,1
87,0,1,0,22,0.36,0.64,False,True,1,10,0,0,18.98,-19.04,0.41,2.4,0.4,0,391,323,375,433,5
88,0,1,0,22,0.41,0.59,False,True,7,10,0,0,17.05,-17.15,0.41,2.63,0.5,0.14,1015,346,956,225,5
89,0,1,0,22,0.41,0.59,False,True,1,10,0,0,16.69,-16.41,0.41,1.21,0.81,0.82,421,259,378,469,2
90,0,1,0,22,0.41,0.59,False,True,7,10,0,0,16,-15.69,0.41,1.21,0.61,0.64,948,215,752,104,2
91,0,1,0,22,0.36,0.64,False,True,1,10,0,5,17.48,-17.66,0.41,6.27,0.99,0.24,576,124,496,172,3
92,0,1,0,22,0.41,0.59,False,True,7,11,0,0,15.15,-14.74,0.41,0.79,0.43,0.55,950,218,726,101,1
93,0,1,0,22,0.36,0.64,False,True,1,5,0,0,19.71,-19.78,0.42,1.14,0.39,0.14,912,671,1010,521,3
94,0,1,0,22,0.45,0.55,False,True,1,10,0,0,13.38,-13,0.41,0.63,0.53,0.67,491,176,375,411,1
95,0,1,0,22,0.36,0.64,False,True,1,11,0,0,18.29,-18.24,0.41,1.36,0.16,0.14,428,247,375,443,2
96,0,1,0,22,0.36,0.64,False,True,7,10,0,3,18.25,-18.25,0.41,3.89,0.42,0,1012,333,942,208,3
97,0,1,0,22,0.41,0.59,False,True,1,5,0,0,14.56,-14.11,0.41,0.79,0.44,0.58,503,683,757,745,1
98,0,1,0,22,0.41,0.59,False,True,1,5,0,0,15.3,-14.89,0.41,0.79,0.43,0.54,478,663,713,750,1
99,0,1,0,22,0.36,0.64,False,True,1,11,0,0,18.99,-18.98,0.41,1.36,0.26,0.22,446,222,376,401,2
100,0,1,0,22,0.41,0.59,False,True,3,4,0,0,2.47,-2.61,0.05,4.52,1.36,0.22,492,675,573,724,6
101,0,1,0,22,0.77,0.23,False,True,9,10,0,0,-5.2,5.52,0.12,2.66,1.36,0.73,1000,301,812,120,4
102,0,1,0,22,0.82,0.18,False,True,3,5,0,0,-5.96,6.31,0.12,2.66,1.12,0.35,845,716,1015,503,3
103,0,1,0,22,0.64,0.36,False,True,3,11,0,0,-2.16,2.5,1.67,0.75,2.94,3.11,376,452,491,674,6
104,0,1,0,22,0.77,0.23,False,True,3,4,0,2,-5.66,6.22,0.3,2.53,1.93,1.57,893,687,1025,443,5
105,0,1,0,22,0.68,0.32,False,True,9,10,0,0,-2.69,2.95,0.12,3.24,0.67,0.24,977,255,797,115,5
106,0,1,0,22,0.77,0.23,False,True,9,10,0,2,-4.58,5.06,0.34,2.28,2.35,2.28,743,103,477,188,5
107,0,1,0,22,0.59,0.41,False,True,9,11,0,0,0.92,-0.78,2.79,1.36,0.31,0.76,836,130,639,106,5
108,0,1,0,22,0.5,0.5,False,True,9,10,0,0,4.25,-4.35,0.11,3.02,1,0.29,426,250,384,349,5
109,0,1,0,22,0.68,0.32,False,True,9,10,0,0,-2.41,2.74,0.12,3.06,0.8,0,376,406,441,621,6
110,0,1,0,22,0.82,0.18,False,True,3,4,0,0,-4.89,5.22,0.13,3.46,1.95,0.67,921,664,1025,443,6
111,0,1,0,22,0.73,0.27,False,True,9,10,0,0,-3.94,4.3,0.25,3.55,0.83,0.21,925,191,712,100,6
112,0,1,0,22,0.59,0.41,False,True,3,11,0,0,-0.08,0.46,1.56,1.11,0.42,0.25,460,644,677,749,3
113,0,1,0,22,0.95,0.05,False,True,3,4,0,6,-6.57,6.92,0.1,4.88,1.3,0.2,475,659,715,750,2
114,0,1,0,22,0.95,0.05,False,True,9,10,0,0,-7.56,8.1,0.09,3.09,0.96,0.7,866,145,583,122,7
115,0,1,0,22,0.73,0.27,False,True,3,4,0,4,-2.81,2.95,0.3,4.31,1.96,0.76,872,700,1001,548,5
116,0,1,0,22,0.55,0.45,False,True,3,10,0,0,1.14,-1.2,0.48,2.91,0.99,0.5,404,559,481,665,9
117,0,1,0,22,0.41,0.59,False,True,3,5,0,1,6.31,-6.22,0.3,2.44,0.67,0.17,916,668,1010,524,2
118,0,1,0,22,0.45,0.55,False,True,9,11,0,1,5.2,-5.17,0.32,2.35,0.66,0.15,843,133,672,101,2
119,0,1,0,22,0.55,0.45,False,True,9,10,0,3,3.66,-3.68,0.11,3.89,1.09,0.24,850,137,717,100,4
120,0,1,0,22,0.41,0.59,False,True,9,10,0,0,3.48,-3.67,1.22,2.72,1.44,0.27,375,420,386,511,3
121,0,1,0,22,0.82,0.18,False,True,9,10,0,0,-5.11,5.41,0.21,2.31,1.58,2.12,376,397,442,622,8
122,0,0,0,22,1,0,True,False,3,4,0,2,-5.58,5.84,0.16,3.94,2.21,0.89,841,718,999,552,5
123,0,1,0,22,0.41,0.59,False,True,9,10,0,0,2.53,-2.67,0.05,4.52,1.36,0.23,1004,309,958,227,6
124,0,1,0,22,0.86,0.14,False,True,3,4,0,3,-3.82,4.07,0.26,4.89,0.98,0.14,664,748,867,704,6
125,0,1,0,22,0.45,0.55,False,True,9,10,0,0,2.15,-2.27,0.05,4.52,1.38,0.18,650,104,554,134,6
126,0,1,0,22,0.73,0.27,False,True,3,4,0,6,-3.08,3.23,0.1,5.57,1.96,0.76,716,750,903,679,5
127,0,1,0,22,0.77,0.23,False,True,3,4,0,0,-3.67,4,0.1,2.09,1.58,1.56,424,596,613,738,7
128,0,1,0,22,0.59,0.41,False,True,3,5,0,0,-1.35,1.74,0.55,1.11,0.37,0.23,918,666,1024,446,3
129,0,1,0,22,0.73,0.27,False,True,9,10,0,0,-4.05,4.44,0.21,3.55,0.68,0.16,376,443,475,659,6
130,0,1,0,22,0.41,0.59,False,True,3,11,0,1,6.83,-6.76,0.3,2.44,0.7,0.24,378,471,441,622,2
131,0,1,0,22,0.95,0.05,False,True,9,10,0,4,-4.86,4.99,0.36,5,2.06,0.17,421,259,379,475,5
132,0,1,0,22,0.45,0.55,False,True,3,5,0,0,5.63,-5.36,0.33,1.98,0.26,0.22,731,748,909,674,4
133,0,1,0,22,0.23,0.77,False,True,1,11,0,0,32.45,-32.61,1.03,0.87,0.76,0.68,926,191,832,128,1
134,0,1,0,22,0.82,0.18,False,True,3,4,0,0,-3.52,3.67,0.51,0.78,4.56,3.82,912,671,1010,521,7
135,0,1,0,22,0.45,0.55,False,True,9,11,0,0,4.96,-4.65,0.33,1.98,0.16,0.14,471,194,379,375,4
136,0,1,0,22,0.82,0.18,False,True,3,10,0,0,-5.78,6.22,0.38,3.15,1.49,1.47,1024,397,894,164,5
137,0,1,0,22,0.73,0.27,False,True,9,10,0,2,-2.15,2.3,0.37,4.47,2.26,0.84,850,136,639,106,3
138,0,1,0,22,0.59,0.41,False,True,3,11,0,0,-2.7,3.1,0.63,1.32,0.73,0.78,375,426,503,683,3
139,0,1,0,22,0.95,0.05,False,True,9,10,0,0,-4.9,5.22,0.53,2.96,3.37,2.74,724,101,498,170,8
140,0,1,0,22,0.45,0.55,False,True,9,10,0,3,4.41,-4.52,0.29,3.9,0.79,0.16,989,277,927,193,6
141,0,1,0,22,0.68,0.32,False,True,9,10,0,0,-1.07,1.3,0.4,1.01,1.44,1.79,602,115,434,239,7
142,0,1,0,22,0.59,0.41,False,True,3,4,0,5,2.72,-2.87,0.35,6.27,1.73,0.42,934,650,992,568,5
143,0,1,0,22,0.95,0.05,False,True,9,10,0,8,-5.6,6.03,0.33,5.81,1.95,1.91,375,411,463,647,6
144,0,1,0,22,0.45,0.55,False,True,1,5,0,0,14.9,-14.74,0.7,1.28,0.17,0,685,750,853,712,5
145,0,1,0,22,0.5,0.5,False,True,9,10,0,5,3.52,-3.66,0.26,5.37,1.09,0.16,937,202,855,139,5
146,0,1,0,22,0.41,0.59,False,True,3,11,0,1,8.76,-8.7,0.33,2.44,0.44,0.28,586,729,746,747,2
147,0,1,0,22,0.91,0.09,False,True,9,10,0,2,-6.41,6.8,0.34,3.56,2.96,2.78,386,342,430,606,6
148,0,1,0,22,0.91,0.09,False,True,9,10,0,5,-6.69,7.07,0.34,5.11,0.89,0.19,633,107,415,268,4
149,0,1,0,22,0.55,0.45,False,True,3,4,0,2,0.21,-0.29,0.27,4.55,1.54,0.97,967,610,1010,522,9
150,0,1,0,22,0.59,0.41,False,True,8,10,0,0,4.1,-3.83,0.51,0.62,2.67,2.69,957,226,753,104,4
151,0,1,0,22,0.5,0.45,False,True,9,10,0,1,2.67,-2.81,0.35,4.44,1.49,0.45,463,203,402,295,6
152,0,1,0,22,0.64,0.36,False,True,3,5,0,0,-0.8,0.91,0.42,1.39,1.35,0.54,886,692,1009,525,4
153,0,1,0,22,0.45,0.55,False,True,3,4,0,3,2.44,-2.51,0.34,4.32,0.84,0,463,648,577,726,7
154,0,1,0,22,0.45,0.5,False,True,3,10,0,3,2.3,-2.37,0.34,4.32,0.84,0,396,541,474,658,6
155,0,1,0,22,0.41,0.59,False,True,3,11,0,1,8.29,-8.21,0.33,2.44,0.38,0.2,403,556,508,687,2
156,0,1,0,22,0.82,0.14,False,True,9,10,0,6,-5.61,6.11,0.33,4.64,1.99,2.08,798,115,539,143,7
157,0,1,0,22,0.45,0.5,False,True,9,10,0,3,3.49,-3.42,0.34,4.16,0.84,0,871,149,739,102,6
158,0,1,0,22,0.5,0.5,False,True,3,10,0,5,0.58,-0.54,0.33,5.67,0.83,0,385,506,454,637,6
159,0,1,0,22,0.41,0.59,False,True,9,11,0,0,7.2,-7.24,0.43,0.83,1.53,0.89,988,275,870,148,4
160,0,1,0,22,0.36,0.64,False,True,3,11,0,0,5.97,-6.08,0.32,1.36,1.27,1.1,537,706,682,749,2
161,0,0,0,22,1,0,True,False,9,10,0,0,-4.87,5.12,0.25,2.97,1.5,1.81,390,329,391,525,12
162,0,1,0,22,0.68,0.32,False,True,3,10,0,0,-2.24,2.54,0.37,0.62,5.35,5.42,392,529,549,713,8
163,0,1,0,22,0.41,0.59,False,True,9,10,0,0,6.44,-6.62,0.22,1.22,0.87,0.2,406,286,377,388,3
164,0,1,0,22,0.64,0.36,False,True,3,4,0,0,-1.82,1.87,0.31,4.1,1.19,0.84,770,742,885,692,10
165,0,1,0,22,0.32,0.68,False,True,7,10,0,13,19.57,-19.73,1.03,9.14,0.9,1.09,968,242,889,160,3
166,0,1,0,22,0.45,0.55,False,True,3,5,0,0,5.88,-5.62,0.33,1.98,0.31,0.25,917,667,1015,506,3
167,0,1,0,22,0.55,0.45,False,True,3,10,0,0,4.48,-4.66,0.36,2.85,1.73,1.25,391,526,438,618,9
168,0,1,0,22,0.5,0.5,False,True,3,10,0,4,2.27,-2.18,0.49,3.31,0.77,0,439,619,542,709,6
169,0,1,0,22,0.45,0.55,False,True,9,11,0,0,5.98,-5.73,0.33,1.98,0.33,0.27,589,120,439,231,3
170,0,1,0,22,0.45,0.55,False,True,9,11,0,0,5.86,-5.6,0.33,1.98,0.3,0.25,1014,341,914,181,3
171,0,1,0,22,0.59,0.36,False,True,9,11,0,0,-1.13,1.53,0.29,0.8,4.41,4.44,658,103,451,216,7
172,0,1,0,22,0.45,0.55,False,True,3,5,0,0,5.06,-4.76,0.33,1.98,0.17,0.15,942,642,1023,458,4
173,0,1,0,22,0.95,0.05,False,True,3,4,0,8,-5.9,6.36,0.34,5.7,1.57,1.51,465,650,703,750,8
174,0,1,0,22,0.45,0.55,False,True,3,11,0,0,5.13,-4.83,0.33,1.98,0.18,0.16,477,661,657,747,4
175,0,1,0,22,0.68,0.32,False,True,3,4,0,4,-3.12,3.4,0.29,4.28,1.09,0,841,718,999,552,2
176,0,1,0,22,0.5,0.5,False,True,3,4,0,5,3.36,-3.49,0.26,5.37,1.02,0.14,961,618,1010,524,5
177,0,1,0,22,0.41,0.59,False,True,3,5,0,0,6.13,-5.88,0.33,1.98,0.36,0.3,752,746,918,666,3
178,0,1,0,22,0.77,0.23,False,True,9,10,0,6,-4.93,5.25,0.33,4.93,0.46,0.43,423,255,392,527,3
179,0,1,0,22,0.82,0.18,False,True,9,10,0,0,-3.4,3.54,0.39,0.77,4.79,4.13,745,103,569,127,5
180,0,0,0,22,1,0,True,False,3,7,0,0,-19.45,19.71,0.33,4.4,0.58,0.78,1025,409,996,291,3
181,0,1,0,22,0.36,0.64,False,True,3,10,0,0,8.71,-8.91,0.37,1.97,0.56,0.2,420,589,503,684,4
182,0,1,0,22,0.36,0.64,False,True,9,10,0,0,8.37,-8.38,0.37,2.42,0.83,0.93,466,199,395,312,4
183,0,1,0,22,0.41,0.59,False,True,3,5,0,0,6.1,-6.04,0.25,1.36,0.69,0.23,947,637,1024,447,2
184,0,1,0,22,0.36,0.64,False,True,3,4,0,4,6.29,-6.24,0.37,3.31,0.33,0.17,976,597,1020,479,4
185,0,1,0,22,0.36,0.64,False,True,9,10,0,3,6.63,-6.66,0.37,3.89,0.5,0.14,1020,371,971,245,4
186,0,1,0,22,0.55,0.45,False,True,9,11,0,0,-1.09,1.57,0.21,0.79,3.06,3.21,930,195,674,101,5
187,0,1,0,22,0.36,0.64,False,True,9,10,0,0,9.14,-9.36,0.37,1.97,0.6,0.28,513,159,430,245,3
188,0,1,0,22,0.59,0.41,False,True,3,4,0,0,-1.23,1.4,0.27,4.16,0.88,0.57,548,712,748,746,4
189,0,0,0,22,1,0,True,False,3,2,0,0,-13.89,14.61,0.25,1.75,1.32,1.42,518,694,778,740,2
190,0,1,0,22,0.41,0.59,False,True,9,11,0,0,5.88,-5.84,0.31,1.36,0.61,0.37,495,173,386,340,2
191,0,1,0,22,0.36,0.64,False,True,1,10,0,0,17.71,-17.89,0.41,3.19,0.84,0.14,419,589,487,671,5
192,0,1,0,22,0.55,0.45,False,True,2,10,0,0,5.68,-5.27,0.39,0.6,2.11,1.95,380,369,447,629,4
193,0,1,0,22,0.41,0.59,False,True,9,11,0,0,6.59,-6.59,0.31,1.36,0.56,0.42,1014,341,914,181,2
194,0,1,0,22,0.55,0.45,False,True,8,10,0,0,6.55,-6.19,0.39,0.6,2.18,2.07,983,266,781,110,4
195,0,1,0,22,0.5,0.5,False,True,3,5,0,0,2.37,-1.95,0.27,3.24,0.85,0.76,763,744,977,595,3
196,0,1,0,22,0.36,0.64,False,True,1,10,0,0,19.05,-19.14,0.41,1.34,0.4,0.32,738,102,559,132,2
197,0,1,0,22,0.36,0.64,False,True,1,10,0,0,21.48,-21.55,0.41,0.8,0.93,1.35,375,429,400,551,5
198,0,1,0,22,0.41,0.59,False,True,1,5,0,0,17.37,-17.58,1.22,1.65,0.31,0.31,650,746,808,732,3
199,0,1,0,22,0.55,0.45,False,True,3,10,0,5,1.09,-1,0.27,5.1,1.67,1.12,1025,419,987,273,4
200,0,1,0,22,0.41,0.55,False,True,9,10,0,5,3.17,-3.32,0.35,6.27,0.97,0.2,555,134,475,191,4
201,0,1,0,22,0.5,0.5,False,True,9,10,0,3,2.35,-2.39,0.09,3.89,1.13,0.61,605,114,491,176,5
202,0,1,0,22,0.64,0.36,False,True,3,4,0,0,-1.68,1.72,0.74,3.8,0.95,0.22,564,720,733,748,6
203,0,1,0,22,0.82,0.18,False,True,3,4,0,7,-3.8,4,0.11,5.56,1.35,0.14,930,655,1023,465,4
204,0,1,0,22,0.73,0.27,False,True,9,10,0,0,-4.45,4.78,0.31,3.28,1.27,0.15,376,448,483,667,3
205,0,1,0,22,0.77,0.23,False,True,9,10,0,0,-4.82,5.16,0.31,3.28,1.29,0.15,969,243,761,106,3
206,0,1,0,22,0.82,0.14,False,True,3,4,0,7,-3.88,4.08,0.11,5.56,1.36,0.14,546,711,755,745,4
207,0,1,0,22,0.45,0.55,False,True,3,5,0,0,5.33,-5.4,1.58,0.8,2.57,2.67,735,748,851,713,5
208,0,1,0,22,0.68,0.32,False,True,9,10,0,4,-2.36,2.43,0.32,4.67,1.49,0.56,782,110,594,118,3
209,0,1,0,22,0.45,0.55,False,True,3,10,0,0,7.13,-7.1,0.2,0.83,2.05,1.9,1025,409,996,291,6
210,0,1,0,22,0.41,0.59,False,True,3,5,0,1,8.04,-8.01,0.14,2.44,0.76,0.37,837,720,957,624,2
211,0,1,0,22,0.5,0.5,False,True,3,4,0,0,1.31,-1.3,0.1,3.21,0.73,0.82,781,740,890,689,8
212,0,0,0,22,1,0,True,False,3,0,0,0,-34.66,35,0.1,3.57,0.27,0,871,701,941,643,1
213,0,1,0,22,0.91,0.09,False,True,3,4,0,0,-7.33,7.92,0.3,2.78,1.39,1.07,740,748,981,588,4
214,0,1,0,22,0.5,0.5,False,True,3,10,0,3,3.99,-4.03,0.11,3.89,0.97,0.4,376,447,411,574,4
215,0,1,0,22,0.91,0.09,False,True,3,4,0,4,-4.02,4.17,0.13,4.74,2.63,1.1,822,726,977,595,7
216,0,1,0,22,0.41,0.59,False,True,9,11,0,1,7.18,-7.13,0.3,2.44,0.74,0.31,904,172,761,106,2
217,0,1,0,22,0.68,0.32,False,True,9,10,0,10,-1.61,1.53,0.44,7.88,1.78,1.51,602,115,498,171,6
218,0,1,0,22,0.45,0.55,False,True,3,11,0,1,5.21,-5.18,0.32,2.35,0.66,0.15,453,637,598,734,2
219,0,1,0,22,0.77,0.23,False,True,3,4,0,11,-1.63,1.54,0.77,8.54,1.84,1.24,830,723,926,658,6
220,0,1,0,22,0.45,0.55,False,True,3,4,0,0,5.35,-5.51,2.72,1.41,2.74,2.34,828,724,914,670,7
221,0,1,0,22,0.68,0.32,False,True,3,4,0,0,-3.38,3.8,0.25,3.33,0.86,0,855,711,1003,543,6
222,0,1,0,22,0.95,0.05,False,True,9,10,0,3,-4.76,5.08,0.2,4.49,0.87,0.42,997,293,849,136,10
223,0,1,0,22,0.68,0.32,False,True,9,10,0,6,-3.13,3.27,0.2,5.57,2,0.81,473,192,381,364,5
224,0,1,0,22,0.68,0.32,False,True,3,4,0,7,-3.36,3.44,0.2,5.98,1.98,0.79,444,625,606,736,5
225,0,1,0,22,0.55,0.45,False,True,3,10,0,0,1.22,-1.29,0.48,2.91,0.97,0.52,430,607,523,698,9
226,0,0,0,22,1,0,True,False,9,10,0,4,-7.05,7.53,0.1,3.87,1.51,0.84,376,405,479,663,6
227,0,1,0,22,0.82,0.18,False,True,9,10,0,0,-6.04,6.39,0.12,2.66,1.12,0.34,1001,303,801,116,3
228,0,1,0,22,0.45,0.55,False,True,3,5,0,0,3.05,-3.18,1.34,1.97,1.17,0.48,796,735,926,659,3
229,0,1,0,22,0.82,0.18,False,True,9,10,0,0,-5.98,6.33,0.12,2.66,1.12,0.35,1001,302,801,116,3
230,0,1,0,22,0.91,0.09,False,True,9,10,0,4,-2.86,2.87,0.15,5.99,1.4,0.3,979,259,890,162,11
231,0,0,0,22,1,0,True,False,3,1,0,15,-24.76,25.05,0.1,6.77,0.4,0.15,415,582,504,684,2
232,0,1,0,22,0.91,0.09,False,True,9,10,0,0,-7.13,7.51,0.2,3.89,1.12,0.15,543,140,383,353,5
233,0,1,0,22,0.95,0.05,False,True,3,4,0,0,-6.58,6.92,0.09,3.69,1.62,0.43,478,663,713,750,7
234,0,1,0,22,0.5,0.5,False,True,3,4,0,4,0.72,-0.69,0.22,4.28,1.71,1.28,947,636,1016,501,4
235,0,1,0,22,0.82,0.18,False,True,9,10,0,0,-5.39,5.59,0.45,1.86,3.14,2.72,986,271,790,113,6
236,0,1,0,22,0.55,0.45,False,True,9,11,0,0,2.04,-1.77,0.55,2.18,0,0.3,602,115,434,239,4
237,0,1,0,22,0.68,0.27,False,True,3,4,0,0,-2.72,2.99,0.08,3.24,0.82,0.38,454,638,656,747,5
238,0,1,0,22,0.41,0.59,False,True,9,11,0,1,6.88,-6.82,0.3,2.44,0.71,0.25,377,391,401,552,2
239,0,1,0,22,0.55,0.45,False,True,3,10,0,0,1.47,-1.53,0.3,2.91,0.83,0.53,1024,403,990,279,8
240,0,1,0,22,0.41,0.59,False,True,9,10,0,0,4.28,-4.44,0.14,3.75,0.93,0.28,513,159,430,245,2
241,0,1,0,22,0.45,0.55,False,True,9,11,0,0,5.36,-5.07,0.33,1.98,0.21,0.18,950,217,785,111,4
242,0,1,0,22,0.5,0.5,False,True,9,10,0,5,0.42,-0.37,0.33,5.67,0.82,0,384,347,383,497,6
243,0,1,0,22,0.77,0.23,False,True,9,10,0,0,-3.21,3.12,0.26,3.52,1.98,1.04,1004,311,942,208,6
244,0,1,0,22,0.45,0.55,False,True,9,11,0,0,5.01,-5.1,0.3,1,1.87,1.07,745,103,569,127,3
245,0,1,0,22,0.45,0.55,False,True,9,10,0,3,2.8,-2.74,0.33,4.16,0.71,0,850,137,717,100,5
246,0,1,0,22,0.59,0.41,False,True,3,10,0,0,-0.62,0.87,0.47,0.56,3.53,3.8,384,499,513,691,5
247,0,1,0,22,0.64,0.36,False,True,3,5,0,0,-2.82,3.22,0.63,1.32,0.7,0.75,599,734,885,692,3
248,0,1,0,22,0.41,0.59,False,True,9,11,0,1,9.18,-9.15,0.33,2.44,0.38,0.38,869,147,722,101,2
249,0,1,0,22,0.86,0.14,False,True,3,4,0,0,-5.61,6.04,0.95,1.61,1.94,1.62,490,673,735,748,4
250,0,1,0,22,0.41,0.59,False,True,9,11,0,1,8.63,-8.57,0.33,2.44,0.42,0.26,856,140,699,100,2
251,0,1,0,22,0.73,0.27,False,True,9,10,0,7,-1,0.88,0.33,6.79,2.97,1,930,195,845,134,8
252,0,1,0,22,0.55,0.45,False,True,3,4,0,8,0.6,-0.69,0.33,6.75,1.36,1.54,882,694,968,609,6
253,0,1,0,22,0.55,0.45,False,True,9,10,0,5,1.35,-1.47,0.9,5.37,1.02,0,933,199,844,134,5
254,0,1,0,22,0.95,0.05,False,True,3,4,0,2,-4.74,4.88,0.34,4.7,2.05,0.72,673,749,876,698,7
255,0,0,0,22,1,0,True,False,3,3,0,8,-11.82,12.45,0.33,4.32,1.41,1.48,450,632,681,749,3
256,0,1,0,22,0.82,0.18,False,True,9,10,0,0,-4.63,4.9,0.56,3.25,3.54,2.75,658,103,451,216,7
257,0,1,0,22,0.82,0.18,False,True,9,10,0,0,-5.37,5.47,0.48,2.09,0.88,0.24,390,328,403,557,4
258,0,1,0,22,0.55,0.45,False,True,3,5,0,0,1.37,-1.11,0.56,1.48,0.38,0.19,794,736,975,597,4
259,0,1,0,22,0.41,0.59,False,True,9,11,0,1,9.2,-9.17,0.33,2.44,0.38,0.38,612,112,479,187,2
260,0,1,0,22,0.41,0.59,False,True,3,11,0,1,7.97,-7.87,0.33,2.44,0.35,0.16,444,626,583,728,2
261,0,1,0,22,0.45,0.55,False,True,3,5,0,0,5.99,-5.74,0.33,1.98,0.33,0.27,768,743,932,653,3
262,0,1,0,22,0.45,0.55,False,True,3,4,0,3,3.11,-3.06,0.33,4.16,0.74,0.15,845,716,949,634,6
263,0,1,0,22,0.59,0.41,False,True,2,10,0,0,4.06,-3.72,0.69,0.6,2.53,2.49,376,452,491,674,4
264,0,1,0,22,0.59,0.41,False,True,2,4,0,0,5.04,-5.32,0.9,1.53,3.72,3.4,884,693,993,565,4
265,0,1,0,22,0.77,0.23,False,True,3,5,0,6,-4.92,5.24,0.33,4.93,0.47,0.44,652,746,915,669,3
266,0,1,0,22,0.59,0.41,False,True,8,11,0,0,2.17,-1.77,0.58,1.32,0.74,0.78,959,228,702,100,3
267,0,1,0,22,0.59,0.41,False,True,2,11,0,0,3,-2.58,0.58,1.17,0.67,0.73,378,381,471,656,2
268,0,1,0,22,0.55,0.45,False,True,9,10,0,4,1.64,-1.74,0.27,4.82,1.15,0.43,930,195,830,127,3
269,0,1,0,22,0.77,0.23,False,True,9,11,0,6,-5.4,5.74,0.33,4.93,0.34,0.2,477,189,376,452,3
270,0,1,0,22,0.86,0.14,False,True,9,10,0,0,-4.16,4.37,0.38,2,3,2.37,1008,323,888,160,9
271,0,1,0,22,0.64,0.36,False,True,9,10,0,0,-2.61,2.91,0.22,1.55,4.13,3.86,748,103,502,167,6
272,0,1,0,22,0.55,0.45,False,True,9,10,0,5,2.28,-2.45,0.34,6.27,1.68,0.44,961,231,892,163,5
273,0,0,0,22,1,0,True,False,3,3,0,0,-8.85,9.36,0.33,3.53,2.83,3.18,774,742,973,602,5
274,0,1,0,22,0.77,0.23,False,True,9,10,0,6,-4.86,5.17,0.33,4.93,0.48,0.46,377,391,465,650,3
275,0,1,0,22,0.5,0.5,False,True,8,10,0,1,7.92,-7.91,0.44,3.66,1.08,0.15,920,185,827,126,6
276,0,1,0,22,0.5,0.5,False,True,3,10,0,5,3.31,-3.44,0.26,5.37,1,0.14,447,629,527,700,5
277,0,1,0,22,0.55,0.41,False,True,9,10,0,5,2.16,-2.32,0.34,6.27,1.71,0.43,582,122,496,172,5
278,0,1,0,22,0.5,0.5,False,True,3,4,0,5,3.36,-3.49,0.26,5.37,1.02,0.14,961,618,1010,524,4
279,0,1,0,22,0.77,0.23,False,True,9,10,0,2,-4.7,5.06,0.34,3.57,3.36,3.09,389,331,411,573,7
280,0,1,0,22,0.77,0.23,False,True,3,5,0,6,-4.57,4.87,0.33,4.93,0.59,0.56,873,700,1021,476,3
281,0,1,0,22,0.68,0.32,False,True,3,10,0,4,-2.61,2.89,0.24,4.37,1.85,0.83,380,479,461,646,6
282,0,1,0,22,0.59,0.41,False,True,2,10,0,0,4.11,-3.84,0.58,0.62,2.08,1.97,444,625,648,746,4
283,0,1,0,22,0.45,0.55,False,True,3,5,0,0,4.95,-4.64,0.33,1.98,0.16,0.14,814,729,972,602,4
284,0,1,0,22,0.5,0.5,False,True,2,10,0,1,7.87,-7.87,0.34,3.66,1.1,0.15,447,629,529,701,6
285,0,1,0,22,0.77,0.23,False,True,3,4,0,6,-4.28,4.53,0.23,5.57,1.51,0.17,454,638,656,747,3
286,0,1,0,22,0.32,0.68,False,True,7,10,0,13,19.47,-19.63,1.03,9.14,0.76,1.04,983,265,909,176,3
287,0,1,0,22,0.41,0.59,False,True,3,11,0,1,8.47,-8.4,0.33,2.44,0.4,0.23,593,732,758,745,2
288,0,1,0,22,0.45,0.55,False,True,3,10,0,0,5.27,-5.36,0.25,1.08,1.73,0.87,375,429,427,601,3
289,0,1,0,22,0.77,0.23,False,True,9,11,0,6,-5.29,5.62,0.33,4.93,0.36,0.21,1004,310,802,116,3
290,0,1,0,22,0.59,0.41,False,True,2,10,0,0,3.9,-3.6,0.51,0.74,2.88,2.94,393,533,544,710,6
291,0,0,0,22,1,0,True,False,9,4,0,0,-8.34,8.73,0.33,3.22,0.66,0.16,375,415,483,667,4
292,0,1,0,22,0.77,0.23,False,True,9,11,0,6,-5.26,5.6,0.33,4.93,0.37,0.22,969,243,728,101,3
293,0,1,0,22,0.77,0.23,False,True,3,10,0,6,-5.24,5.57,0.33,4.93,0.38,0.22,404,560,618,739,3
294,0,1,0,22,0.41,0.59,False,True,9,11,0,0,6.08,-5.83,0.33,1.98,0.35,0.29,591,119,442,228,3
295,0,1,0,22,0.91,0.09,False,True,3,10,0,0,-6.02,6.55,0.47,0.73,2.86,2.6,375,415,483,667,11
296,0,1,0,22,0.45,0.55,False,True,3,5,0,0,5.19,-4.89,0.33,1.98,0.19,0.16,872,700,1001,548,4
297,0,1,0,22,0.73,0.27,False,True,9,10,0,4,-3.53,3.74,0.35,4.53,1.43,0.15,974,250,796,114,3
298,0,1,0,22,0.73,0.27,False,True,9,10,0,2,-2.82,3.07,0.39,3.97,2.79,1.36,997,293,849,136,4
299,0,1,0,22,0.59,0.41,False,True,8,10,0,0,5.98,-5.66,0.71,0.6,1.93,1.82,1004,310,840,132,4
300,0,1,0,22,0.5,0.5,False,True,3,10,0,2,3.03,-3.1,0.5,2.01,1.33,0.84,480,665,585,729,7
301,0,1,0,22,0.95,0.05,False,True,3,4,0,0,-5.54,5.88,0.28,3.53,0.81,0.27,866,704,1013,512,8
302,0,1,0,22,0.86,0.14,False,True,9,10,0,0,-6.13,6.52,0.28,3.15,1.61,1.2,633,107,425,252,6
303,0,1,0,22,0.77,0.18,False,True,3,4,0,2,-4.18,4.36,0.4,3.89,1.08,0.87,944,639,1024,456,8
304,0,1,0,22,0.59,0.41,False,True,9,10,0,0,0.64,-0.67,1.14,1.33,2.23,1.94,847,135,708,100,8
305,0,1,0,22,0.68,0.32,False,True,3,4,0,2,-3.41,3.71,0.11,4.59,0.7,0,492,674,699,750,5
306,0,1,0,22,0.45,0.55,False,True,3,4,0,0,5.38,-5.45,0.11,3.13,1.37,0.19,899,682,967,610,5
307,0,1,0,22,0.45,0.55,False,True,9,10,0,0,1.72,-1.92,1.61,4.02,1.31,0.14,474,191,411,277,5
308,0,1,0,22,0.86,0.14,False,True,3,4,0,0,-5.99,6.39,0.25,3.15,1.51,1.22,678,749,916,668,6
309,0,1,0,22,0.55,0.45,False,True,3,4,0,0,1.36,-1.5,0.48,2.93,1.27,0.61,926,659,987,577,10
310,0,1,0,22,0.82,0.18,False,True,9,11,0,6,-5.56,5.85,0.1,4.93,0.76,0.16,789,112,525,151,3
311,0,1,0,22,0.86,0.09,False,True,9,10,0,2,-4.55,4.76,0.16,3.77,1.25,1.05,907,175,722,101,14
312,0,0,0,22,1,0,True,False,3,3,0,0,-7.65,8.01,0.09,3.53,0.68,1.12,792,737,960,620,7
313,0,1,0,22,0.86,0.14,False,True,3,4,1,0,-7.1,7.52,1,1.84,1.01,1.2,568,722,843,717,6
314,0,1,0,22,0.77,0.23,False,True,3,4,0,0,-3.89,4.12,0.11,2.79,1.38,1.43,638,744,868,703,6
315,0,1,0,22,0.73,0.27,False,True,3,4,0,0,-4.19,4.58,0.21,3.55,0.68,0.15,436,614,637,744,6
316,0,1,0,22,0.91,0.09,False,True,3,4,0,3,-7.55,8.07,0.12,3.16,1.39,0.63,852,712,1021,477,6
317,0,1,0,22,0.86,0.14,False,True,9,10,0,8,-5.15,5.4,0.13,5.58,1.01,0.45,375,423,451,634,4
318,0,0,0,22,1,0,True,False,9,10,0,0,-7.09,7.45,0.13,3.74,1.07,0.14,873,150,616,111,6
319,0,1,0,22,0.55,0.45,False,True,3,4,0,0,0.07,-0.14,0.71,3.75,1.49,0.14,951,631,1016,501,2
320,0,1,0,22,0.59,0.41,False,True,9,10,0,0,0.88,-0.8,0.07,2.69,1.24,0.79,968,241,848,136,7
321,0,1,0,22,0.5,0.5,False,True,3,4,0,0,1.18,-1.43,0.85,1.97,2.47,1.87,938,646,1000,551,7
322,0,1,0,22,0.64,0.36,False,True,3,4,0,0,-1.75,2.02,0.1,3.06,1.02,0.42,952,630,1025,437,6
323,0,1,0,22,0.59,0.41,False,True,3,4,0,2,-1.17,1.06,0.37,3.65,1.28,0.78,480,665,585,729,9
324,0,1,0,22,0.5,0.5,False,True,9,10,0,0,4.25,-4.35,0.11,3.02,1,0.29,426,250,384,349,5
325,0,1,0,22,0.45,0.55,False,True,9,10,0,0,2.35,-2.48,0.05,4.52,1.37,0.21,376,400,383,497,6
326,0,0,0,22,1,0,True,False,9,10,0,1,-5.47,5.62,0.1,2.98,2.49,2.47,959,228,813,120,8
327,0,1,0,22,0.77,0.23,False,True,9,10,0,2,-5.6,6.16,0.26,2.53,1.64,1.29,969,243,728,101,5
328,0,1,0,22,0.73,0.27,False,True,3,4,0,2,-1.61,1.43,0.32,3.68,1.78,0.61,480,665,585,729,8
329,0,1,0,22,0.59,0.41,False,True,9,10,0,0,-1.19,1.2,0.13,4.53,1.56,0.57,1001,303,907,174,4
330,0,1,0,22,0.68,0.32,False,True,9,10,0,6,-3.22,3.36,0.2,5.57,2,0.79,431,243,375,432,4
331,0,1,0,22,0.77,0.23,False,True,9,10,0,2,-5.98,6.55,0.3,2.53,2.06,1.57,382,357,448,630,5
332,0,1,0,22,0.41,0.59,False,True,9,11,0,1,7.2,-7.16,0.3,2.44,0.74,0.31,904,172,761,106,2
333,0,1,0,22,0.45,0.55,False,True,3,5,0,0,3.86,-3.92,0.27,2.32,1.17,0.55,884,693,993,565,3
334,0,1,0,22,0.55,0.45,False,True,9,10,0,3,1.51,-1.52,0.09,3.89,1.43,0.45,926,191,804,117,3
335,0,1,0,22,0.45,0.55,False,True,9,11,0,1,5.11,-5.07,0.32,2.35,0.65,0.14,954,222,811,120,2
336,0,1,0,22,0.41,0.59,False,True,3,4,0,0,2.67,-2.82,0.05,4.52,1.35,0.26,621,740,712,750,5
337,0,1,0,22,0.73,0.27,False,True,9,10,0,0,-4.05,4.44,0.21,3.55,0.68,0.16,375,435,469,653,5
338,0,1,0,22,0.68,0.32,False,True,3,4,0,0,-2.54,2.8,0.08,3.24,0.82,0.4,421,592,599,734,5
339,0,1,0,22,0.68,0.32,False,True,9,10,0,11,-1.31,1.24,0.66,8.54,1.75,1.04,983,265,909,176,6
340,0,1,0,22,0.32,0.68,False,True,1,10,0,0,24.27,-24.19,1.03,0.45,1.36,1.54,434,238,392,322,6
341,0,1,0,22,0.68,0.32,False,True,9,10,0,6,-3.41,3.55,0.2,5.57,2.16,0.79,515,158,395,314,5
342,0,1,0,22,0.86,0.14,False,True,3,4,0,0,-5.98,6.3,0.24,3.54,1.24,0.19,918,666,1025,437,5
343,0,1,0,22,0.86,0.14,False,True,9,10,0,0,-6.84,7.4,0.3,2.78,1.51,1.18,822,124,541,142,4
344,0,1,0,22,0.73,0.27,False,True,3,4,0,0,-2.94,3.13,0.08,3.21,1.39,0.37,605,736,815,729,7
345,0,0,0,22,0.95,0,False,False,3,4,0,3,-5.04,5.37,0.2,4.49,0.85,0.29,546,711,764,744,11
346,0,1,0,22,0.86,0.14,False,True,9,10,0,3,-4.39,4.65,0.3,4.89,1.02,0.14,382,358,409,569,6
347,0,1,0,22,0.68,0.32,False,True,3,10,0,6,-0.97,0.88,0.1,5.84,1,0.53,1024,403,990,279,7
348,0,1,0,22,0.68,0.32,False,True,3,10,0,0,-2.61,2.87,0.08,3.24,0.82,0.39,387,511,520,696,5
349,0,1,0,22,0.82,0.18,False,True,3,4,0,0,-4.78,5.1,0.13,3.46,1.94,0.68,406,564,584,728,5
350,0,1,0,22,0.77,0.23,False,True,8,10,0,0,-4.06,4.3,0.36,2.1,0.95,0.66,655,103,430,243,5
351,0,1,0,22,0.91,0.09,False,True,3,4,0,5,-6.28,6.79,0.09,4.41,0.8,0.32,518,694,778,740,8
352,0,1,0,22,0.77,0.23,False,True,9,10,0,0,-4.57,4.88,0.45,2,2.86,2.44,713,100,478,188,5
353,0,0,0,22,1,0,True,False,9,2,0,0,-19.59,20.09,0.1,4.04,0.44,0.24,375,428,430,605,1
354,0,1,0,22,0.5,0.5,False,True,9,10,0,3,4.14,-4.19,0.11,3.89,0.93,0.41,605,114,491,176,5
355,0,1,0,22,0.23,0.77,False,True,3,5,0,0,13.26,-13.42,1.09,0.87,1.02,0.67,960,620,1011,518,1
356,0,1,0,22,0.68,0.32,False,True,3,4,0,4,-1.96,2.11,0.31,4.28,1.32,0.38,717,750,897,684,4
357,0,1,0,22,0.41,0.59,False,True,3,4,0,0,3.63,-3.87,0.06,4.2,1.35,0.26,848,714,923,662,3
358,0,1,0,22,0.55,0.45,False,True,9,10,0,3,3.8,-3.83,0.11,3.89,1.03,0.38,1020,371,971,245,4
359,0,1,0,22,0.45,0.55,False,True,9,10,0,0,4.95,-5,0.1,3.13,1.31,0.14,406,286,377,388,5
360,0,1,0,22,0.45,0.55,False,True,3,4,0,0,5.23,-5.29,0.1,3.13,1.38,0.17,521,697,614,738,5
361,0,1,0,22,0.41,0.59,False,True,9,11,0,1,6.98,-6.91,0.33,2.44,0.45,0.21,1005,313,909,176,2
362,0,1,0,22,0.73,0.27,False,True,3,4,0,9,-2.47,2.68,0.33,6.36,1.02,0.35,783,739,947,636,5
363,0,1,0,22,0.45,0.55,False,True,3,5,0,0,4.27,-4.36,0.5,1,2.31,1.52,719,749,887,691,4
364,0,1,0,22,0.45,0.55,False,True,3,4,0,0,5.43,-5.5,0.1,3.13,1.37,0.19,899,682,967,610,5
365,0,1,0,22,0.45,0.55,False,True,9,10,0,0,4.98,-5.06,0.3,1,1.88,1.07,430,244,375,414,4
366,0,1,0,22,0.45,0.55,False,True,3,5,0,0,5.06,-4.76,0.33,1.98,0.17,0.15,940,644,1023,461,4
367,0,1,0,22,0.59,0.41,False,True,9,10,0,0,-1.18,1.58,0.67,0.71,0.73,0.97,897,166,635,106,4
368,0,1,0,22,0.5,0.5,False,True,3,5,0,0,2.91,-2.78,0.63,0.53,3.02,3.27,759,745,924,661,4
369,0,1,0,22,0.86,0.14,False,True,9,10,0,0,-3.3,3.37,0.28,3.35,2.79,2.43,558,133,418,264,9
370,0,1,0,22,0.41,0.59,False,True,3,4,0,3,3.8,-3.88,0.23,3.89,0.73,0.26,735,748,851,713,5
371,0,1,0,22,0.64,0.36,False,True,9,10,0,0,-0.82,0.96,0.47,0.62,3.57,3.76,381,364,427,601,6
372,0,1,0,22,0.55,0.45,False,True,3,4,0,0,1.48,-1.57,0.22,3.58,1.78,0.91,995,560,1024,455,11
373,0,1,0,22,0.55,0.45,False,True,3,4,0,5,2.19,-2.35,0.34,6.27,1.7,0.43,428,602,493,676,5
374,0,1,0,22,0.41,0.59,False,True,9,10,0,0,2.67,-2.82,0.05,4.52,1.35,0.26,929,194,855,139,5
375,0,1,0,22,0.45,0.55,False,True,3,4,0,3,2.82,-2.76,0.33,4.16,0.71,0,682,749,817,728,6
376,0,1,0,22,0.5,0.5,False,True,3,4,0,5,0.66,-0.61,0.33,5.67,0.83,0,618,740,765,744,6
377,0,1,0,22,0.41,0.59,False,True,3,5,0,1,8.12,-8.03,0.33,2.44,0.36,0.18,880,695,992,567,2
378,0,1,0,22,0.64,0.36,False,True,9,10,0,1,0.94,-1.02,1.15,3.65,1.63,0.64,960,230,884,157,9
379,0,1,0,22,0.64,0.36,False,True,2,10,0,0,0.18,0.09,1.1,0.68,4.01,3.79,410,277,393,532,5
380,0,1,0,22,0.55,0.45,False,True,9,10,0,0,4.45,-4.63,0.36,2.85,1.74,1.25,530,148,451,216,9
381,0,1,0,22,0.73,0.27,False,True,9,10,0,1,-4.05,4.32,0.26,4.03,1.43,0.84,598,117,423,255,8
382,0,1,0,22,0.5,0.5,False,True,3,5,0,0,2.59,-2.63,0.27,1.25,1.45,1.23,759,745,924,661,4
383,0,1,0,22,0.41,0.59,False,True,9,11,0,0,6.32,-6.22,0.33,1.89,0.46,0,375,437,430,606,2
384,0,1,0,22,0.77,0.23,False,True,9,10,0,6,-4.19,4.43,0.23,5.57,1.51,0.16,917,183,704,100,3
385,0,1,0,22,0.41,0.59,False,True,3,11,0,1,8.47,-8.41,0.33,2.44,0.4,0.23,533,704,691,750,2
386,0,1,0,22,0.73,0.27,False,True,3,4,0,4,-3.37,3.55,0.47,4.43,1.57,0.45,673,749,884,693,3
387,0,1,0,22,0.45,0.55,False,True,3,5,0,0,5.88,-5.62,0.33,1.98,0.31,0.25,659,747,844,716,3
388,0,1,0,22,0.55,0.45,False,True,9,11,0,0,1.78,-1.54,0.29,1.56,0.39,0.41,454,213,375,432,1
389,0,1,0,22,0.82,0.18,False,True,3,4,0,0,-3.52,3.67,0.51,0.78,4.56,3.82,912,671,1010,521,8
390,0,1,0,22,0.77,0.23,False,True,3,4,0,4,-3.72,4,0.47,4.28,1.46,0.33,454,638,656,747,3
391,0,1,0,22,0.45,0.55,False,True,3,11,0,0,4.9,-4.59,0.33,1.98,0.15,0.14,596,733,799,735,4
392,1,2,0,22,0.45,0.55,False,True,9,10,0,0,2.5,-2.65,0.09,4.52,1.43,0.26,929,194,855,139,5
393,0,1,0,22,0.55,0.45,False,True,9,10,0,0,0.77,-0.87,0.27,3.62,2,2.09,995,289,930,196,9
394,0,1,0,22,0.95,0.05,False,True,9,10,0,4,-5.02,5.16,0.36,5,2.03,0.15,814,121,591,119,5
395,0,1,0,22,0.41,0.59,False,True,9,10,0,0,2.58,-2.73,0.05,4.52,1.35,0.24,566,129,487,179,6
396,0,1,0,22,0.45,0.55,False,True,3,10,0,3,2.52,-2.59,0.34,4.32,0.72,0,388,517,454,637,7
397,0,1,0,22,0.5,0.5,False,True,3,4,0,3,2.18,-2.24,0.34,4.32,0.84,0,928,657,1005,537,6
398,0,1,0,22,0.45,0.55,False,True,3,5,0,0,5.25,-4.96,0.33,1.98,0.19,0.17,821,727,974,600,4
399,0,1,0,22,0.68,0.32,False,True,3,10,0,4,-3.12,3.39,0.4,4.28,1.1,0,1024,397,926,191,2
400,0,1,0,22,0.55,0.45,False,True,3,5,0,0,1.7,-1.39,0.4,2.18,0.17,0,787,738,967,610,3
401,0,1,0,22,0.45,0.55,False,True,3,5,0,1,3.86,-3.81,0.31,2.35,0.52,0,817,728,959,622,1
402,0,1,0,22,0.91,0.09,False,True,9,10,0,0,-7.41,7.91,0.37,1.69,1.5,0.87,1015,344,834,129,6
403,0,1,0,22,0.91,0.09,False,True,9,10,0,2,-7.15,7.6,0.13,3.49,1.54,0.65,984,267,754,105,5
404,0,1,0,22,0.55,0.45,False,True,9,11,0,0,2.67,-2.43,0.57,2.18,0.31,0.76,836,130,639,106,6
405,0,1,0,22,0.5,0.5,False,True,4,5,4,0,0.66,-0.8,4.66,1.97,1.48,0.46,782,740,911,672,4
406,0,1,0,22,0.45,0.55,False,True,9,10,0,0,1.84,-2.04,1.61,4.02,1.36,0.15,930,195,845,134,4
407,0,1,0,22,0.73,0.27,False,True,9,10,0,4,-2.29,2.45,0.39,4.28,1.19,0.34,925,190,749,104,4
408,0,1,0,22,0.41,0.59,False,True,9,11,0,1,6.95,-6.89,0.31,2.44,0.72,0.27,518,155,411,276,2
409,0,1,0,22,0.41,0.59,False,True,3,11,0,1,6.44,-6.36,0.31,2.44,0.68,0.19,530,702,693,750,2
410,0,1,0,22,0.95,0.05,False,True,9,10,0,2,-7.42,8.01,0.39,3.08,1.2,0.45,909,176,632,107,6
411,0,1,0,22,0.82,0.18,False,True,9,10,0,2,-6.61,7.25,0.38,2.68,1.64,1.16,974,250,726,101,6
412,0,1,0,22,0.73,0.27,False,True,3,4,0,0,-4.49,4.89,0.25,3.55,0.88,0.15,436,614,637,744,7
413,0,1,0,22,0.82,0.18,False,True,9,10,0,1,-5.45,5.73,0.14,3.84,1.91,0.62,516,157,380,367,5
414,0,1,0,22,0.55,0.45,False,True,9,10,0,3,3.53,-3.55,0.12,3.89,1.08,0.24,1011,331,944,211,4
415,0,1,0,22,0.68,0.32,False,True,9,10,0,6,-3.16,3.3,0.2,5.57,1.99,0.8,925,190,749,104,5
416,0,1,0,22,0.77,0.23,False,True,9,11,0,6,-5.38,5.68,0.24,4.93,0.48,0.15,815,121,546,139,3
417,0,1,0,22,0.5,0.5,False,True,9,10,1,0,0.54,-0.66,4.14,1.97,1.38,0.48,1022,378,967,239,2
418,0,1,0,22,0.68,0.32,False,True,9,10,0,6,-3.22,3.36,0.2,5.57,2,0.79,431,243,375,432,5
419,0,1,0,22,0.77,0.23,False,True,9,10,0,2,-5.06,5.6,0.36,2.47,2.55,2.2,867,146,589,120,6
420,0,1,0,22,0.41,0.59,False,True,9,11,0,1,7.47,-7.44,0.3,2.44,0.78,0.38,612,112,479,187,2
421,0,1,0,22,0.77,0.23,False,True,9,11,0,0,-4.99,5.28,0.4,2.66,1.71,1.09,748,103,502,167,4
422,0,1,0,22,0.64,0.36,False,True,3,4,0,0,-1.6,1.65,0.56,3.8,0.95,0.22,564,720,733,748,6
423,0,1,0,22,0.64,0.36,False,True,3,10,0,0,0.42,-0.5,0.27,3.34,1.12,0.59,422,594,522,697,6
424,0,1,0,22,0.73,0.27,False,True,3,4,0,0,-4.19,4.58,0.21,3.55,0.68,0.15,436,614,637,744,6
425,0,0,0,22,1,0,True,False,3,4,0,0,-5.54,5.86,0.2,3.32,0.83,1.11,787,738,967,610,9
426,0,1,0,22,0.82,0.14,False,True,3,4,0,3,-3.96,4.21,0.3,4.89,1,0.14,952,630,1025,437,7
427,0,1,0,22,0.68,0.32,False,True,3,4,0,4,-2.07,2.21,0.44,4.28,1.32,0.4,783,739,944,640,4
428,0,1,0,22,0.41,0.59,False,True,3,5,0,1,6.29,-6.2,0.3,2.44,0.67,0.17,916,668,1010,524,2
429,0,1,0,22,0.55,0.45,False,True,9,10,0,3,3.5,-3.51,0.11,3.89,1.15,0.24,871,149,739,102,4
430,0,1,0,22,0.73,0.27,False,True,9,10,0,0,-4.05,4.44,0.21,3.55,0.68,0.16,375,435,469,653,6
431,0,1,0,22,0.73,0.27,False,True,3,4,0,0,-3.49,3.75,0.11,2.62,2.27,1.98,478,662,677,749,7
432,0,1,0,22,0.41,0.59,False,True,3,5,0,1,7.43,-7.4,0.3,2.44,0.78,0.37,882,694,986,580,2
433,0,0,0,22,1,0,True,False,3,2,0,0,-15.21,15.6,0.1,4.81,0.47,1.09,410,572,536,706,3
434,0,1,0,22,0.68,0.32,False,True,9,10,0,0,-2.13,2.44,0.08,3.06,0.69,0,1010,327,875,151,6
435,0,1,0,22,0.41,0.59,False,True,9,11,0,1,6.54,-6.46,0.3,2.44,0.68,0.2,407,285,376,450,2
436,0,1,0,22,0.5,0.5,False,True,9,10,0,4,0.62,-0.59,0.27,4.28,1.71,1.29,621,110,487,180,4
437,0,1,0,22,0.45,0.55,False,True,3,11,0,1,5.25,-5.2,0.65,2.35,0.52,0,375,437,430,606,2
438,0,1,0,22,0.68,0.32,False,True,3,4,0,11,-1.31,1.25,0.71,8.54,1.9,1.03,892,687,972,603,7
439,0,1,0,22,0.86,0.14,False,True,9,10,0,0,-6.71,7.04,0.8,3.54,1.07,0.14,873,150,616,111,4
440,0,1,0,22,0.77,0.23,False,True,3,5,0,0,-5.2,5.52,0.53,2.66,1.15,0.69,480,664,730,749,4
441,0,1,0,22,0.64,0.36,False,True,3,4,0,0,-1.96,2,0.1,3.8,1.54,0.58,930,654,1015,507,8
442,0,1,0,22,0.68,0.32,False,True,3,4,0,4,-2.42,2.58,0.36,4.28,2.01,0.81,893,686,1008,528,5
443,0,1,0,22,0.77,0.23,False,True,9,10,0,0,-2.88,3.13,0.1,2.85,1.24,1.06,786,112,587,120,8
444,0,1,0,22,0.77,0.23,False,True,3,5,0,6,-5.14,5.43,0.24,4.93,0.54,0.17,836,720,1011,521,3
445,0,1,0,22,0.5,0.5,False,True,3,4,0,3,4.14,-4.18,0.11,3.89,0.93,0.41,918,666,995,561,5
446,0,1,0,22,0.91,0.09,False,True,3,4,0,0,-6.88,7.37,0.2,3.22,0.87,0.14,873,700,1021,476,7
447,0,1,0,22,0.45,0.55,False,True,3,5,0,1,5.04,-5,0.32,2.35,0.65,0.14,719,749,887,691,2
448,0,1,0,22,0.68,0.32,False,True,3,4,0,2,-1.63,1.71,0.12,4.45,2.79,1.53,943,640,1014,509,5
449,0,1,0,22,0.68,0.32,False,True,9,10,0,2,-3.51,3.82,0.09,4.59,0.68,0,598,117,423,255,5
450,0,1,0,22,0.68,0.32,False,True,9,10,0,10,-2.97,3.07,0.07,6.46,1.99,0.8,390,329,391,525,4
451,0,1,0,22,0.86,0.14,False,True,3,4,0,0,-4.46,4.69,0.13,3.42,1.75,1.39,442,623,607,737,13
452,0,0,0,22,1,0,True,False,9,10,0,0,-8.16,8.56,0.1,2.07,1.53,1.33,1000,301,812,120,6
453,0,1,0,22,0.77,0.23,False,True,3,5,0,0,-5.02,5.32,0.12,2.66,1.41,0.94,824,725,1004,539,4
454,0,1,0,22,0.77,0.23,False,True,9,10,0,2,-5.82,6.39,0.25,2.53,1.58,1.25,780,110,503,166,5
455,0,1,0,22,0.41,0.59,False,True,3,5,0,1,7.05,-6.99,0.3,2.44,0.73,0.28,837,720,962,618,2
456,0,1,0,22,0.77,0.23,False,True,9,11,0,0,-4.7,4.99,0.12,2.66,1.54,1.09,748,103,502,167,4
457,0,1,0,22,0.55,0.45,False,True,9,10,0,0,0.97,-1.11,0.26,3.04,1.55,0.99,1015,343,960,230,6
458,0,1,0,22,0.86,0.14,False,True,3,4,0,3,-5.75,6.09,0.3,4.14,0.56,0.18,444,625,648,746,6
459,0,1,0,22,0.5,0.5,False,True,9,10,0,0,3.81,-3.77,0.1,2.1,2.41,1.71,510,161,413,273,5
460,0,1,0,22,0.55,0.45,False,True,3,4,0,3,3.58,-3.6,0.11,3.89,1.11,0.24,961,618,1018,492,4
461,0,1,0,22,0.45,0.55,False,True,3,4,0,0,1.33,-1.37,0.28,3.22,3.52,2.13,899,682,967,610,11
462,0,1,0,22,0.95,0.05,False,True,3,10,0,3,-4.79,5.11,0.11,4.59,0.87,0.42,1025,424,953,221,11
463,0,1,0,22,0.59,0.41,False,True,3,11,0,0,-0.76,1.14,0.29,1.11,0.39,0.24,1025,418,929,195,4
464,0,1,0,22,0.77,0.23,False,True,3,5,0,0,-5.26,5.55,0.4,2.1,2.3,1.42,803,733,997,558,4
465,0,1,0,22,0.55,0.45,False,True,9,10,0,3,3.5,-3.51,0.11,3.89,1.15,0.24,871,149,739,102,4
466,0,1,0,22,0.77,0.23,False,True,3,4,0,2,-5.69,6.25,0.3,2.53,1.93,1.56,764,744,987,578,5
467,0,0,0,22,1,0,True,False,3,4,0,4,-7.09,7.54,0.1,4,1.34,0.29,840,718,1015,504,6
468,0,1,0,22,0.68,0.32,False,True,9,10,0,4,-2.36,2.43,0.32,4.67,1.49,0.56,782,110,594,118,4
469,0,0,0,22,1,0,True,False,9,2,0,0,-14.5,14.81,0.1,2.08,1.55,1.42,646,105,488,178,3
470,0,1,0,22,0.45,0.55,False,True,3,5,0,1,5.18,-5.13,0.65,2.35,0.52,0,868,703,990,571,2
471,0,1,0,22,0.82,0.18,False,True,3,4,0,0,-5.12,5.51,0.13,3.52,2.33,0.87,921,664,1025,443,8
472,0,1,0,22,0.73,0.27,False,True,9,10,0,0,-2.84,3.02,0.09,3.39,2.43,2.25,972,248,833,128,9
473,0,1,0,22,0.5,0.5,False,True,3,4,0,0,1.3,-1.3,0.1,3.21,0.73,0.83,882,694,968,609,8
474,0,1,0,22,0.82,0.18,False,True,3,4,0,0,-5.51,5.7,0.45,1.86,3.23,2.78,679,749,917,667,6
475,0,1,0,22,0.5,0.5,False,True,9,10,0,0,0.54,-0.65,0.67,3.34,0.49,0.43,443,227,384,347,6
476,0,1,0,22,0.91,0.09,False,True,3,4,0,4,-3.9,4.04,0.13,4.74,2.6,1.1,940,644,1023,461,7
477,0,1,0,22,0.77,0.23,False,True,9,10,0,0,-2.19,2.18,0.14,3.6,1.47,0.41,544,140,434,238,7
478,0,0,0,22,1,0,True,False,9,7,0,0,-19.37,19.72,0.1,2.98,0.62,0.37,904,172,761,106,2
479,0,1,0,22,0.86,0.14,False,True,9,10,0,0,-6.62,6.96,0.42,3.54,1.01,0,375,414,474,658,4
480,0,1,0,22,0.77,0.23,False,True,9,10,0,2,-5.67,6.23,0.3,2.53,1.93,1.57,947,214,695,100,5
481,0,1,0,22,0.5,0.5,False,True,3,4,0,3,1.24,-1.15,0.28,4.16,1.41,0.63,618,740,765,744,6
482,0,1,0,22,0.5,0.5,False,True,9,10,0,3,3.41,-3.33,0.34,4.16,0.84,0,817,122,677,101,5
483,0,1,0,22,0.45,0.55,False,True,3,5,0,0,5.24,-4.95,0.33,1.98,0.19,0.17,821,727,974,600,4
484,0,1,0,22,0.5,0.5,False,True,3,5,0,0,4.87,-4.88,0.34,1.65,0.48,0.28,837,720,962,618,5
485,0,1,0,22,0.59,0.41,False,True,3,4,0,10,0.06,-0.18,0.34,7.04,1.2,0.15,637,744,744,747,6
486,0,1,0,22,0.91,0.09,False,True,9,10,0,2,-4.49,4.67,0.34,4.44,2.05,0.76,400,300,386,510,8
487,0,1,0,22,0.95,0.05,False,True,3,10,0,0,-4.88,5.2,0.53,2.96,3.37,2.75,1025,413,931,196,7
488,0,1,0,22,0.41,0.59,False,True,9,11,0,1,7.54,-7.46,0.95,2.44,0.37,0.19,1012,333,923,188,2
489,0,1,0,22,0.41,0.59,False,True,3,5,0,1,7.49,-7.4,0.95,2.44,0.36,0.18,880,695,992,567,2
490,0,1,0,22,0.5,0.5,False,True,3,10,0,5,1.63,-1.77,0.9,5.37,1.23,0.14,419,589,487,671,4
491,0,1,0,22,0.5,0.5,False,True,9,10,0,0,2.37,-2.49,0.4,1.02,3.7,3.06,375,437,430,606,5
492,0,1,0,22,0.68,0.32,False,True,3,10,0,4,0.02,0.02,0.37,4.28,1.74,0.78,404,559,499,680,6
493,0,1,0,22,0.5,0.5,False,True,9,10,0,5,0.64,-0.6,0.33,5.67,0.83,0,874,150,735,102,6
494,0,1,0,22,0.73,0.23,False,True,9,10,0,6,-4.14,4.38,0.23,5.57,1.51,0.16,519,155,386,340,3
495,0,1,0,22,0.5,0.5,False,True,9,10,0,3,2.26,-2.32,0.34,4.32,0.84,0,1012,334,944,210,6
496,0,1,0,22,0.82,0.18,False,True,3,4,0,4,-3.89,4.15,0.64,4.07,1.6,0.15,521,697,738,748,4
497,0,1,0,22,0.73,0.27,False,True,9,10,0,4,-0.84,0.83,0.37,5.58,1.46,0.48,1001,303,907,174,5
498,0,1,0,22,0.73,0.27,False,True,9,10,0,1,-4.24,4.55,0.28,3.7,1.16,0.37,519,155,386,340,8
499,0,1,0,22,0.68,0.32,False,True,3,4,0,12,-2.01,2.1,0.31,7.44,1.27,0.91,537,706,682,749,5
500,0,1,0,22,0.64,0.36,False,True,2,5,0,0,3.18,-2.99,0.92,1.13,1.41,0.82,886,692,1009,525,4
501,0,1,0,22,0.45,0.55,False,True,3,11,0,0,4.3,-4.38,0.55,2.32,1.36,0.75,1024,397,969,242,3
502,0,1,0,22,0.68,0.32,False,True,9,10,0,0,-2.37,2.57,0.17,1.75,2,1.48,442,227,378,466,4
503,0,1,0,22,0.68,0.32,False,True,9,10,0,0,-3.08,3.34,0.19,3.24,0.71,0.25,377,460,479,663,5
504,0,1,0,22,0.45,0.55,False,True,3,5,4,1,5.61,-5.56,4.46,2.35,0.52,0,868,703,990,571,2
505,0,1,0,22,0.55,0.45,False,True,3,10,0,3,3.42,-3.44,0.17,3.89,1.1,0.24,463,648,577,726,5
506,0,1,0,22,0.5,0.5,False,True,9,10,0,3,4.1,-4.22,0.17,3.9,0.98,0.44,527,150,450,217,5
507,0,1,0,22,0.5,0.5,False,True,9,10,0,0,4.05,-4.16,0.17,3.02,1,0.29,426,250,384,349,5
508,0,0,0,22,0.95,0,False,False,9,10,0,0,-7.68,7.97,0.26,3.23,1.58,0,965,236,732,102,1
509,0,1,0,22,0.73,0.27,False,True,3,4,0,0,-1.84,1.63,0.41,3.82,2.3,0.47,468,652,546,711,4
510,0,1,0,22,0.55,0.45,False,True,3,4,0,3,3.23,-3.24,0.17,3.89,1.18,0.24,480,664,602,735,3
511,0,2,0,22,0.55,0.41,False,True,3,10,0,0,-0.36,0.21,0.37,4.06,3.14,0.98,430,606,499,680,8
512,0,1,0,22,0.55,0.45,False,True,9,10,0,3,0.28,-0.29,0.75,3.89,1.52,0.46,591,119,471,194,7
513,0,1,0,22,0.59,0.36,False,True,3,10,0,0,-1.31,1.33,0.13,4.53,1.52,0.57,414,580,524,698,4
514,0,1,0,22,0.68,0.32,False,True,9,10,0,4,-2.47,2.52,0.35,4.67,1.57,0.62,591,119,442,228,4
515,0,1,0,22,0.41,0.59,False,True,3,4,0,0,2.71,-2.86,0.05,4.52,1.35,0.26,848,714,923,662,5
516,0,1,0,22,0.55,0.45,False,True,3,4,0,3,3.66,-3.7,0.17,3.89,1.01,0.38,976,597,1022,471,5
517,0,1,0,22,0.55,0.45,False,True,3,4,0,3,3.17,-3.17,0.17,3.89,1.21,0.24,928,657,1005,537,4
518,0,1,0,22,0.68,0.32,False,True,9,10,0,4,-2.06,2.2,0.44,4.28,1.32,0.4,455,212,378,384,4
519,0,1,0,22,0.5,0.5,False,True,3,10,0,3,4.19,-4.31,0.17,3.9,0.96,0.45,463,648,543,710,4
520,0,1,0,22,0.82,0.18,False,True,3,10,0,0,-4.27,4.47,0.31,3.56,0.96,0.25,387,511,520,696,3
521,0,1,0,22,0.77,0.23,False,True,3,5,0,0,-5.29,5.59,0.4,2.66,1.62,0.95,458,642,693,750,4
522,0,1,0,22,0.55,0.45,False,True,3,10,0,0,0.41,-0.48,1.02,2.91,0.99,0.53,1024,403,990,279,8
523,0,1,0,22,0.55,0.45,False,True,9,10,0,3,0.22,-0.23,0.75,3.89,1.65,0.46,498,170,409,280,6
524,0,1,0,22,0.45,0.55,False,True,9,11,0,1,4.53,-4.48,1.52,2.35,0.52,0,498,170,394,316,2
525,0,1,0,22,0.68,0.32,False,True,3,4,0,4,-2.07,2.21,0.44,4.28,1.32,0.4,783,739,944,640,4
526,0,1,0,22,0.77,0.23,False,True,3,5,0,0,-5.2,5.52,0.53,2.66,1.15,0.69,480,664,730,749,4
527,0,1,0,22,0.45,0.55,False,True,3,4,0,0,1.92,-2.12,1.01,4.02,1.15,0,977,594,1018,494,5
528,0,1,0,22,0.64,0.32,False,True,3,4,0,0,-2.39,2.7,0.19,3.06,0.71,0,946,637,1025,433,6
529,0,1,0,22,0.45,0.55,False,True,3,5,0,0,3.86,-3.92,0.27,2.32,1.17,0.55,884,693,993,565,2
530,0,1,0,22,0.82,0.18,False,True,9,10,0,0,-4.95,5.28,0.13,3.46,1.94,0.66,381,361,427,602,6
531,0,1,0,22,0.55,0.45,False,True,9,10,0,3,0.31,-0.32,0.24,3.89,1.82,0.64,817,122,677,101,7
532,0,1,0,22,0.91,0.09,False,True,9,10,0,2,-7.1,7.73,0.13,3.17,1.78,1.36,388,335,438,618,9
533,0,1,0,22,0.68,0.32,False,True,9,10,0,6,-2.98,3.1,0.2,5.57,2.19,0.87,625,109,461,205,6
534,0,1,0,22,0.5,0.5,False,True,3,4,0,0,1.28,-1.43,0.26,3.04,1.52,1.02,950,633,1009,527,5
535,0,1,0,22,0.77,0.23,False,True,3,10,0,0,-4.13,4.38,0.1,2.36,1.57,1.52,1025,413,931,196,7
536,0,1,0,22,0.59,0.41,False,True,3,10,0,0,-0.55,0.53,1.06,3.64,0.65,0.43,388,517,454,637,9
537,0,1,0,22,0.86,0.14,False,True,9,10,0,0,-2.91,2.82,0.2,4.12,0.76,0.7,391,323,375,433,13
538,0,1,0,22,0.55,0.45,False,True,3,10,0,3,3.48,-3.49,0.11,3.89,1.16,0.24,396,541,474,658,3
539,0,1,0,22,0.55,0.45,False,True,3,4,0,0,2.2,-2.29,0.12,4.52,1.11,0,940,645,999,552,5
540,0,1,0,22,0.59,0.41,False,True,3,11,0,0,-1.21,1.61,1.72,1.11,0.31,0.21,459,643,683,750,4
541,0,1,0,22,0.55,0.45,False,True,3,5,0,0,3.08,-2.89,0.1,2.18,0.46,1.26,752,746,918,666,6
542,0,1,0,22,0.73,0.27,False,True,3,4,0,0,-2.46,2.47,0.13,3.33,4.27,3.38,422,594,522,697,13
543,1,2,0,22,0.45,0.55,False,True,9,10,0,0,2.61,-2.76,0.08,4.52,1.44,0.27,375,420,386,511,5
544,0,1,0,22,0.55,0.45,False,True,3,10,0,3,3.41,-3.42,0.11,3.89,1.19,0.24,392,529,466,650,4
545,0,1,0,22,0.55,0.45,False,True,3,4,0,0,0.34,-0.47,1.08,3.34,0.7,0.34,997,557,1025,431,7
546,0,1,0,22,0.68,0.32,False,True,9,10,0,6,-1.05,0.82,0.1,5.74,1.29,0.46,595,118,509,162,6
547,0,1,0,22,0.41,0.59,False,True,3,11,0,1,6.81,-6.74,0.3,2.44,0.7,0.24,381,485,450,633,2
548,0,1,0,22,0.64,0.36,False,True,3,10,0,0,-1.78,2.08,0.08,3.06,0.73,0.14,1025,424,953,221,6
549,0,1,0,22,0.77,0.23,False,True,9,11,0,6,-5.4,5.7,0.24,4.93,0.48,0.14,539,143,381,361,3
550,0,1,0,22,0.68,0.32,False,True,9,10,0,6,-3.14,3.27,0.2,5.57,2.01,0.81,1021,372,932,198,5
551,0,1,0,22,0.77,0.23,False,True,3,5,0,0,-5.13,5.42,0.12,2.66,1.98,1.36,897,683,1023,462,4
552,0,1,0,22,0.45,0.55,False,True,9,11,0,1,3.84,-3.8,0.3,2.35,0.52,0,1022,381,951,218,1
553,0,1,0,22,0.45,0.55,False,True,9,10,0,0,2.11,-2.32,1.01,4.02,1.36,0.15,960,230,884,157,5
554,0,1,0,22,0.55,0.45,False,True,9,10,0,0,1.81,-1.92,0.09,4.52,1.4,0.16,378,378,380,481,5
555,0,1,0,22,0.91,0.09,False,True,3,4,0,0,-7.33,7.92,0.3,2.78,1.39,1.07,740,748,981,588,4
556,0,1,0,22,0.73,0.27,False,True,3,4,0,0,-4.19,4.58,0.21,3.55,0.68,0.15,436,614,637,744,5
557,0,1,0,22,0.91,0.09,False,True,3,4,0,7,-5.39,5.62,0.2,5.57,0.44,0.42,747,747,945,639,5
558,0,0,0,22,1,0,True,False,3,4,0,3,-7.3,7.69,0.11,3.88,1.43,0.58,902,680,1024,451,5
559,0,1,0,22,0.55,0.45,False,True,9,10,0,3,3.66,-3.68,0.11,3.89,1.09,0.24,850,137,717,100,4
560,0,1,0,22,0.82,0.18,False,True,9,10,0,0,-5.62,5.81,0.62,1.86,3.18,2.76,713,100,478,188,6
561,0,1,0,22,0.77,0.23,False,True,9,10,0,0,-4.33,4.58,0.25,1.91,2.73,2.82,1010,327,875,151,10
562,0,1,0,22,0.5,0.5,False,True,3,4,0,3,2.14,-2.18,0.09,3.89,1.18,0.6,743,747,868,703,5
563,0,1,0,22,0.73,0.27,False,True,9,10,0,0,-4.04,4.43,0.21,3.55,0.68,0.17,419,261,383,496,6
564,0,1,0,22,0.68,0.32,False,True,9,10,0,6,-3.16,3.29,0.2,5.57,2,0.81,525,151,399,302,5
565,0,1,0,22,0.73,0.23,False,True,9,10,0,0,-3.75,3.97,0.1,2.36,1.36,1.49,1021,371,905,172,7
566,0,0,0,22,1,0,True,False,9,2,0,0,-19.36,19.84,0.1,4.04,0.49,0.27,375,420,423,596,1
567,0,1,0,22,0.59,0.41,False,True,2,5,0,0,3.17,-2.79,1.21,1.11,0.37,0.23,918,666,1024,446,4
568,0,1,0,22,0.5,0.5,False,True,3,4,0,3,4.11,-4.16,0.11,3.89,0.93,0.41,762,744,882,694,5
569,0,1,0,22,0.77,0.23,False,True,9,10,0,2,-5.54,6.1,0.22,2.53,1.66,1.3,376,405,479,663,5
570,0,1,0,22,0.64,0.36,False,True,9,10,0,0,0.35,-0.26,0.22,2.69,1.08,0.59,377,385,398,546,7
571,0,1,0,22,0.77,0.23,False,True,9,10,0,2,-6.16,6.77,0.2,2.68,2.14,1.58,977,255,738,102,6
572,0,1,0,22,0.5,0.5,False,True,9,10,0,0,2.48,-2.53,0.15,2.04,3.2,2.46,494,174,404,290,5
573,0,1,0,22,0.5,0.5,False,True,3,4,0,0,1.38,-1.38,0.1,3.21,0.72,0.85,896,684,976,596,8
574,0,1,0,22,0.91,0.09,False,True,3,4,0,7,-5.39,5.62,0.2,5.57,0.44,0.42,747,747,945,639,5
575,0,1,0,22,0.5,0.5,False,True,9,10,0,0,0.54,-0.65,0.67,3.34,0.49,0.43,443,227,384,347,6
576,0,1,0,22,0.41,0.59,False,True,9,11,0,1,6.99,-6.93,0.3,2.44,0.72,0.27,518,155,411,276,2
577,0,1,0,22,0.82,0.18,False,True,3,4,0,3,-3.62,3.86,0.26,4.89,0.96,0.14,782,740,954,628,7
578,0,1,0,22,0.95,0.05,False,True,3,4,0,3,-5.99,6.3,0.4,3.72,0.7,0.33,444,625,648,746,8
579,0,1,0,22,0.68,0.32,False,True,3,10,0,6,-3.12,3.26,0.2,5.57,2,0.81,379,473,464,648,5
580,0,1,0,22,0.64,0.36,False,True,9,10,0,2,-3.03,3.31,0.09,4.59,0.73,0.14,413,273,381,486,5
581,0,0,0,22,1,0,True,False,9,4,0,0,-8.8,9.29,0.1,0.71,1.08,2.08,376,454,525,699,11
582,0,0,0,22,1,0,True,False,9,2,0,0,-19.59,20.09,0.1,4.04,0.44,0.24,375,428,430,605,1
583,0,1,0,22,0.77,0.23,False,True,3,10,0,0,-4.57,4.81,0.11,2.36,2.06,2.01,1025,413,931,196,7
584,0,1,0,22,0.68,0.32,False,True,3,5,0,0,-3.35,3.73,0.3,0.75,2.74,2.93,613,738,872,701,5
585,0,1,0,22,0.45,0.55,False,True,3,11,0,1,5.21,-5.18,0.32,2.35,0.66,0.15,453,637,598,734,2
586,0,1,0,22,0.45,0.55,False,True,3,10,0,0,4.36,-4.41,0.52,3.13,1.32,0.14,447,629,527,700,4
587,0,1,0,22,0.45,0.55,False,True,3,11,0,0,4.07,-4.14,0.27,2.32,1.19,0.57,420,591,538,707,4
588,0,1,0,22,0.91,0.09,False,True,3,4,0,4,-4.05,4.2,0.13,4.74,2.65,1.11,596,733,799,735,7
589,0,1,0,22,0.82,0.18,False,True,9,10,0,0,-4.91,5.26,0.37,1.84,1.73,1.83,994,286,801,116,6
590,0,1,0,22,0.64,0.36,False,True,9,10,0,0,0.35,-0.26,0.22,2.69,1.08,0.59,856,140,699,100,7
591,0,1,0,22,0.91,0.09,False,True,3,4,0,5,-6.97,7.36,0.33,5.11,0.89,0.16,652,746,915,669,4
592,0,1,0,22,0.45,0.55,False,True,9,10,0,3,4.05,-4.09,0.24,3.89,1.18,0.5,979,259,890,162,5
593,0,1,0,22,0.41,0.59,False,True,9,11,0,1,6.98,-6.91,0.33,2.44,0.45,0.21,1005,313,909,176,2
594,0,1,0,22,0.73,0.27,False,True,9,10,0,2,-3.52,3.76,0.31,4.82,2.52,1.11,375,442,455,639,6
595,0,0,0,22,1,0,True,False,9,10,0,1,-8.25,8.57,0.35,3.22,0.75,0.93,984,267,754,105,6
596,0,1,0,22,0.59,0.41,False,True,3,5,0,0,-2.51,2.89,0.63,1.32,0.8,0.81,490,673,766,743,3
597,0,1,0,22,0.73,0.27,False,True,9,10,0,2,-2.64,2.8,0.37,4.39,2.24,0.83,635,106,451,216,4
598,0,1,0,22,0.5,0.5,False,True,9,10,0,3,3.33,-3.26,0.34,4.16,0.83,0,541,142,435,237,5
599,0,1,0,22,0.77,0.23,False,True,3,10,0,4,-3.6,3.87,0.47,4.28,1.45,0.32,1024,397,926,191,3
600,0,1,0,22,0.5,0.5,False,True,9,10,0,5,1.71,-1.85,0.9,5.37,1.26,0.15,1005,311,952,220,4
601,0,0,0,22,1,0,True,False,9,10,0,0,-7.4,7.95,0.39,2.27,0.71,0.22,989,276,759,105,9
602,0,1,0,22,0.77,0.23,False,True,9,10,0,9,-3.33,3.08,0.26,7.29,1.31,0.31,565,130,469,196,5
603,0,1,0,22,0.91,0.09,False,True,9,10,0,0,-3.55,3.63,0.35,3.19,2.99,1.05,432,242,377,393,8
604,0,1,0,22,0.82,0.18,False,True,3,4,0,0,-5.2,5.47,0.36,2.36,1.44,0.79,406,564,584,728,7
605,0,1,0,22,0.68,0.32,False,True,3,10,0,4,-3.63,3.88,0.11,4.86,0.57,0.25,377,460,479,663,4
606,0,1,0,22,0.68,0.32,False,True,9,10,0,0,-1.5,1.39,0.44,3.21,2.42,1.38,968,241,853,138,6
607,0,0,0,22,1,0,True,False,9,2,0,0,-19.75,20.23,0.24,4.04,0.49,0.27,375,420,423,596,1
608,0,1,0,22,0.64,0.36,False,True,9,11,7,0,0.01,0.38,6.26,1.6,0.47,0.14,755,105,505,165,4
609,0,0,0,22,1,0,True,False,9,2,0,0,-19.75,20.23,0.24,4.04,0.49,0.27,375,420,423,596,1
610,0,1,0,22,0.55,0.45,False,True,3,10,0,3,3.62,-3.65,0.17,3.89,1.03,0.38,410,572,495,677,5
611,0,1,0,22,0.91,0.09,False,True,3,4,0,0,-6.65,7.07,0.25,3.15,1.34,0.93,763,744,977,595,7
612,0,1,0,22,0.64,0.32,False,True,3,10,4,0,-2.92,3.3,2.36,0.71,2.77,2.95,375,422,477,662,5
613,0,1,0,22,0.86,0.09,False,True,3,4,0,0,-6.48,6.9,0.28,3.15,1.44,1.11,458,642,693,750,6
614,0,1,0,22,0.68,0.32,False,True,3,4,0,0,-0.74,0.88,0.28,2.67,1.03,0.37,936,648,1023,460,4
615,0,1,0,22,0.73,0.27,False,True,9,10,0,6,-2.08,1.84,0.86,4.29,1.56,1.15,868,147,757,105,8
616,0,1,0,22,0.45,0.55,False,True,3,5,0,0,4.51,-4.59,0.57,2.32,1.86,1.03,785,739,925,659,3
617,0,1,0,22,0.77,0.23,False,True,9,10,0,0,-3.85,4.2,0.23,3.55,0.89,0,814,121,591,119,8
618,0,1,0,22,0.59,0.41,False,True,3,11,0,0,-1.26,1.64,0.55,1.11,0.39,0.24,1025,418,929,195,4
619,0,1,0,22,0.41,0.59,False,True,9,11,0,1,7.47,-7.44,0.3,2.44,0.78,0.38,612,112,479,187,2
620,0,1,0,22,0.86,0.14,False,True,9,10,0,0,-6.11,6.51,0.25,3.15,1.44,1.19,593,118,405,288,6
621,0,1,0,22,0.68,0.32,False,True,9,10,0,6,-3.08,3.21,0.09,5.57,2.35,0.85,375,425,431,608,7
622,0,1,0,22,0.41,0.59,False,True,9,11,0,1,6.58,-6.5,0.3,2.44,0.69,0.21,1005,313,909,176,2
623,0,1,0,22,0.41,0.59,False,True,3,5,0,1,6.46,-6.38,0.3,2.44,0.68,0.19,791,737,935,649,2
624,0,1,0,22,0.5,0.5,False,True,9,10,0,3,3.94,-3.98,0.11,3.89,0.99,0.39,596,117,481,185,5
625,0,0,0,22,1,0,True,False,3,4,0,4,-7.64,8.09,0.13,4.07,1.61,0.17,551,714,840,718,3
626,0,1,0,22,0.5,0.5,False,True,3,4,0,4,0.62,-0.6,0.27,4.28,1.71,1.29,739,748,881,695,4
627,0,1,0,22,0.82,0.18,False,True,3,4,0,0,-3.97,4.17,0.1,2.43,1.66,1.63,942,642,1023,458,11
628,0,1,0,22,0.5,0.5,False,True,3,10,0,0,3.65,-3.77,0.08,3.02,1.07,0.59,391,526,438,618,6
629,0,1,0,22,0.68,0.32,False,True,3,4,0,4,-2.18,2.23,0.32,4.67,1.48,0.59,517,694,694,750,4
630,0,1,0,22,0.68,0.32,False,True,9,10,0,11,-1.19,1.13,0.7,8.54,1.8,1.04,983,265,909,176,5
631,0,1,0,22,0.41,0.59,False,True,9,11,0,1,6.35,-6.29,0.09,2.44,0.84,0.26,856,140,699,100,3
632,0,1,0,22,0.64,0.36,False,True,3,4,0,0,-2.59,2.76,0.7,2.78,1.56,0.67,530,702,697,750,11
633,1,2,0,22,0.5,0.5,False,True,9,10,0,0,2.38,-2.52,0.09,4.52,1.43,0.23,960,230,893,163,5
634,0,0,0,22,1,0,True,False,3,4,0,7,-6.93,7.41,0.09,5.13,0.56,0,383,499,550,713,4
635,0,1,0,22,0.68,0.32,False,True,3,4,0,3,-1.34,1.3,0.31,4.6,2.09,0.88,943,640,1014,509,4
636,0,1,0,22,0.5,0.5,False,True,9,10,0,0,1.68,-1.86,1.01,4.02,1.07,0,978,257,905,173,5
637,0,1,0,22,0.68,0.32,False,True,3,4,0,6,-1.21,0.98,0.1,5.74,1.27,0.29,490,673,575,725,6
638,0,1,0,22,0.68,0.32,False,True,9,10,0,11,-1.19,1.12,0.66,8.54,1.85,1.1,995,289,930,196,5
639,0,1,0,22,0.86,0.14,False,True,9,10,0,4,-2.87,2.98,0.12,5.2,1.22,0.43,1003,308,908,175,8
640,0,1,0,22,0.41,0.59,False,True,3,11,0,1,6.28,-6.19,0.3,2.44,0.67,0.17,415,581,535,705,2
641,0,1,0,22,0.68,0.32,False,True,9,10,0,6,-3.27,3.46,0.1,5.64,2.67,1.06,379,473,464,648,6
642,0,1,0,22,0.55,0.45,False,True,9,10,0,3,2.02,-2.05,0.08,3.89,1.24,0.59,1015,346,956,225,5
643,0,1,0,22,0.68,0.32,False,True,9,10,0,6,-3.09,3.21,0.2,5.57,2.17,0.85,375,425,431,608,6
644,0,1,0,22,0.68,0.32,False,True,9,10,0,6,-3.09,3.21,0.2,5.57,2.17,0.85,375,425,431,608,5
645,0,1,0,22,0.45,0.55,False,True,9,11,0,1,5.1,-5.04,0.65,2.35,0.52,0,999,299,886,158,2
646,0,1,0,22,0.91,0.09,False,True,9,10,0,0,-7.2,7.62,0.26,3.54,1.38,0.2,922,188,668,102,6
647,0,1,0,22,0.82,0.18,False,True,3,4,0,0,-5.21,5.56,0.13,3.46,1.92,0.63,479,664,713,750,5
648,0,1,0,22,0.95,0.05,False,True,9,10,0,3,-7.51,8.08,0.09,3.12,0.88,1.01,1020,368,851,137,7
649,0,1,0,22,0.73,0.27,False,True,3,4,0,4,-2.29,2.45,0.44,4.28,1.31,0.36,888,690,1005,536,3
650,0,1,0,22,0.64,0.36,False,True,3,4,0,0,-1.56,1.61,0.56,3.8,0.96,0.22,496,678,653,747,6
651,0,1,0,22,0.77,0.23,False,True,9,10,0,0,-4.53,4.76,0.11,2.79,2.12,1.7,500,169,380,368,7
652,0,1,0,22,0.55,0.45,False,True,9,10,0,3,0.91,-0.92,0.12,3.89,1.65,0.46,1012,334,944,210,7
653,0,1,0,22,0.5,0.5,False,True,9,10,0,0,1.73,-1.92,0.26,4.02,1.41,0.17,978,257,905,173,6
654,0,1,0,22,0.41,0.59,False,True,9,11,0,1,7.03,-6.98,0.3,2.44,0.72,0.28,487,179,396,311,2
655,0,1,0,22,0.59,0.41,False,True,3,4,0,0,1.02,-0.94,0.18,2.69,1.07,0.48,998,555,1025,441,7
656,0,1,0,22,0.91,0.09,False,True,9,10,0,6,-6.15,6.48,0.1,4.88,1.59,0.52,376,452,491,674,2
657,0,1,0,22,0.64,0.36,False,True,9,10,0,0,-1.69,1.99,0.08,3.06,0.73,0.14,756,105,544,140,5
658,0,1,0,22,0.68,0.32,False,True,3,10,0,4,-2.33,2.4,0.32,4.67,1.48,0.57,402,556,524,698,4
659,0,1,0,22,0.55,0.45,False,True,9,10,0,3,4.08,-4.2,0.11,3.9,1.03,0.42,596,117,503,167,4
660,0,1,0,22,0.68,0.32,False,True,9,10,0,11,-1.3,1.23,0.71,8.54,1.89,1.04,441,229,389,332,7
661,0,1,0,22,0.41,0.55,False,True,3,4,0,0,3.56,-3.64,0.12,3.13,2.59,1.37,651,746,747,747,6
662,0,1,0,22,0.82,0.18,False,True,3,10,0,0,-5.12,5.45,0.13,3.46,2.33,0.9,1023,392,909,177,6
663,0,1,0,22,0.5,0.5,False,True,3,5,0,0,2.74,-2.78,0.28,2.04,2.36,1.66,894,686,990,572,4
664,0,1,0,22,0.41,0.59,False,True,9,11,0,1,6.64,-6.56,0.3,2.44,0.69,0.21,986,270,872,149,2
665,0,0,0,22,1,0,True,False,3,4,0,3,-7.3,7.69,0.11,3.88,1.43,0.58,902,680,1024,451,6
666,0,1,0,22,0.55,0.45,False,True,9,10,0,0,0.97,-1.11,0.26,3.04,1.55,0.99,1015,343,960,230,6
667,0,1,0,22,0.64,0.36,False,True,2,4,0,0,1.69,-1.56,1.65,1.07,1.91,0.82,756,745,951,631,3
668,0,1,0,22,0.95,0.05,False,True,3,4,0,3,-5.98,6.29,0.4,3.72,0.7,0.33,921,664,1024,450,8
669,0,1,0,22,0.86,0.14,False,True,3,4,0,0,-5.98,6.3,0.24,3.54,1.24,0.19,918,666,1025,437,5
670,0,1,0,22,0.86,0.14,False,True,3,4,0,0,-4.48,4.62,0.55,3.13,1.38,0.88,436,614,599,734,11
671,0,1,0,22,0.5,0.45,False,True,3,10,0,5,-0.58,0.59,0.1,5.67,1.33,0.23,388,517,454,637,7
672,0,1,0,22,0.95,0.05,False,True,9,10,0,0,-6.72,7.07,0.09,3.69,1.51,0.4,375,411,463,647,7
673,0,1,0,22,0.5,0.5,False,True,3,10,0,0,2.76,-2.8,0.28,2.04,2.36,1.66,385,506,454,637,4
674,0,1,0,22,0.5,0.5,False,True,3,10,0,0,2.65,-2.69,0.28,2.04,2.35,1.66,413,577,511,689,4
675,0,1,0,22,0.41,0.59,False,True,3,5,0,0,6.91,-7.03,0.32,1.09,3.75,3.29,843,717,938,646,4
676,0,1,0,22,0.68,0.32,False,True,9,10,0,4,-2.55,2.61,0.35,4.67,1.57,0.61,757,105,572,126,3
677,0,1,0,22,0.68,0.32,False,True,9,10,0,0,-2.24,2.57,0.08,3.06,0.68,0,435,237,376,452,6
678,0,1,0,22,0.45,0.55,False,True,3,10,0,0,4.2,-4.23,0.54,3.13,1.13,0,447,629,529,701,4
679,0,1,0,22,0.41,0.59,False,True,9,11,0,1,6.64,-6.56,0.3,2.44,0.69,0.21,986,270,872,149,2
680,0,1,0,22,0.45,0.55,False,True,1,11,0,0,15.59,-15.68,1.08,2.32,0.6,0.31,392,321,379,478,2
681,0,1,0,22,0.64,0.36,False,True,9,10,0,0,-1.05,0.91,0.21,4.39,2.14,0.77,1022,383,985,268,6
682,1,2,0,22,0.68,0.27,False,True,9,10,0,0,-2.83,2.94,0.25,3.23,1.6,0.91,708,100,538,143,10
683,0,1,0,22,0.55,0.45,False,True,3,4,0,0,1.94,-2.09,0.3,2.93,0.95,0.84,821,727,904,678,9
684,0,1,0,22,0.5,0.5,False,True,3,4,0,0,1.29,-1.44,0.26,3.04,1.52,1.03,781,740,890,689,5
685,0,1,0,22,0.55,0.45,False,True,9,10,0,3,4.11,-4.22,0.11,3.9,1.03,0.42,453,213,399,303,5
686,0,0,0,22,1,0,True,False,3,4,0,0,-5.4,5.78,0.1,4.29,0.68,0.14,397,542,561,719,8
687,0,1,0,22,0.73,0.27,False,True,9,10,0,0,-3.66,4.03,0.21,3.55,0.69,0.21,768,107,539,143,4
688,0,1,0,22,0.91,0.09,False,True,9,10,0,7,-5.7,5.95,0.2,5.57,0.3,0.34,807,118,577,124,4
689,0,1,0,22,0.41,0.59,False,True,9,11,0,1,6.57,-6.49,0.3,2.44,0.68,0.2,407,285,376,450,2
690,0,1,0,22,0.68,0.32,False,True,3,10,0,6,-3.12,3.26,0.2,5.57,2,0.81,379,473,464,648,5
691,0,1,0,22,0.32,0.68,False,True,9,10,0,0,7.04,-7.13,0.3,0.7,2.44,2.41,434,238,392,322,6
692,0,1,0,22,0.73,0.27,False,True,9,10,0,4,-2.86,3.04,0.38,4.28,2.63,1.14,376,395,420,590,5
693,0,1,0,22,0.68,0.32,False,True,9,10,0,6,-3,3.12,0.2,5.57,2.19,0.87,471,195,381,362,6
694,0,1,0,22,0.45,0.55,False,True,3,10,0,0,5.3,-5.37,0.14,3.13,1.43,0.2,428,602,493,676,5
695,0,1,0,22,0.68,0.32,False,True,9,10,0,0,-0.49,0.45,0.17,5.69,1.22,0,978,257,905,173,8
696,0,0,0,22,1,0,True,False,9,10,0,4,-7.13,7.62,0.1,3.87,1.48,0.82,1004,310,802,116,6
697,0,0,0,22,1,0,True,False,3,4,0,4,-5.13,5.44,0.1,4.65,2.93,1.09,686,750,881,695,7
698,0,1,0,22,0.68,0.32,False,True,3,4,0,1,-1.2,1.32,0.1,4.35,1.39,0.55,425,598,571,723,5
699,0,1,0,22,0.82,0.18,False,True,3,10,0,0,-4.85,5.18,0.13,3.46,1.94,0.67,376,448,483,667,6
700,0,1,0,22,0.55,0.45,False,True,9,10,0,0,1.32,-1.41,0.09,4.52,1.09,0,933,199,844,134,5
701,0,1,0,22,0.77,0.23,False,True,9,10,0,9,-3.14,2.88,0.24,7.57,1.18,0.31,565,130,469,196,3
702,0,1,0,22,0.55,0.45,False,True,9,10,0,3,0.18,-0.19,0.75,3.89,1.65,0.46,961,231,853,138,6
703,0,1,0,22,0.5,0.5,False,True,3,10,0,0,0.12,-0.16,2.37,2.04,1.83,0.97,1025,412,984,268,6
704,0,1,0,22,0.55,0.45,False,True,3,10,0,3,3.5,-3.52,0.17,3.89,1.07,0.24,388,517,454,637,5
705,0,1,0,22,0.68,0.32,False,True,9,10,0,0,-3.1,3.39,0.95,3.06,0.64,0,421,259,378,469,5
706,0,1,0,22,0.82,0.18,False,True,3,4,0,4,-3.55,3.67,0.47,4.07,1.99,0.8,444,625,606,736,6
707,0,0,0,22,1,0,True,False,3,4,0,0,-7.35,7.58,0.26,3.24,1.41,0,503,683,757,745,5
708,0,1,0,22,0.41,0.59,False,True,9,10,0,0,3.13,-3.32,1.93,2.72,1.44,0.27,486,181,427,249,3
709,0,1,0,22,0.68,0.32,False,True,9,10,0,0,-3.26,3.58,1.1,3.06,0.89,0,974,250,796,114,4
710,0,0,0,22,1,0,True,False,9,10,0,0,-7.53,8.07,0.39,2.36,0.93,0.34,1004,310,802,116,6
711,0,1,0,22,0.77,0.23,False,True,9,10,0,0,-4.94,5.27,0.35,3.28,1.48,0.15,377,460,494,676,4
712,0,1,0,22,0.5,0.5,False,True,9,10,0,0,2.68,-2.8,0.09,3.02,1.3,0.8,530,148,451,216,6
713,0,1,0,22,0.91,0.09,False,True,3,4,0,3,-5.47,5.77,0.4,2.89,1.53,0.81,794,736,975,597,8
714,0,1,0,22,0.86,0.09,False,True,3,4,0,0,-6.48,6.9,0.28,3.15,1.44,1.11,458,642,693,750,6
715,0,1,0,22,0.64,0.36,False,True,9,10,0,0,-1.46,1.49,0.74,3.8,1,0.38,407,285,376,450,7
716,0,1,0,22,0.55,0.45,False,True,3,10,0,3,3.28,-3.3,0.17,3.89,1.16,0.24,396,541,474,658,4
717,0,1,0,22,0.73,0.27,False,True,3,4,0,4,-2.15,2.31,0.41,4.28,1.31,0.36,888,690,1005,536,3
718,0,1,0,22,0.59,0.41,False,True,9,10,0,0,-0.3,0.37,0.74,2.69,1.29,0.81,715,100,560,132,7
719,0,1,0,22,0.77,0.23,False,True,9,10,0,9,-2.36,2.18,0.31,7.03,1.1,0.46,565,130,469,196,3
720,0,0,0,22,1,0,True,False,3,2,0,13,-11.62,11.85,0.25,7.38,1.35,0.15,432,609,526,699,2
721,0,0,0,22,1,0,True,False,9,10,0,6,-4.16,4.09,0.42,5.12,1.13,0.73,1022,383,982,263,12
722,0,1,0,22,0.77,0.23,False,True,9,11,0,6,-5.48,5.77,0.09,4.93,0.52,0.15,897,166,635,106,3
723,0,1,0,22,0.45,0.55,False,True,3,11,0,1,3.7,-3.64,0.3,2.35,0.52,0,394,534,499,681,2
724,0,1,0,22,0.68,0.32,False,True,3,4,0,3,-1.27,1.22,0.36,4.6,2.09,0.89,712,750,854,711,4
725,0,1,0,22,0.55,0.45,False,True,9,10,0,0,0.15,-0.2,1.02,2.91,1.21,0.47,466,199,395,312,7
726,0,0,0,22,1,0,True,False,9,10,0,3,-7.75,8.38,0.11,3.33,0.87,0.5,376,454,525,699,6
727,0,1,0,22,0.95,0.05,False,True,9,10,0,6,-6.5,6.85,0.09,4.88,1.35,0.2,808,119,554,135,2
728,0,1,0,22,0.68,0.32,False,True,3,4,0,4,-2.22,2.28,0.32,4.67,1.48,0.58,653,747,837,720,4
729,0,1,0,22,0.59,0.41,False,True,9,10,0,0,1.27,-1.21,0.06,2.69,1.31,0.91,968,241,853,138,7
730,0,1,0,22,0.68,0.32,False,True,3,4,0,11,-1.31,1.25,0.71,8.54,1.9,1.03,892,687,972,603,6
731,0,0,0,22,1,0,True,False,9,2,0,0,-11.53,11.84,0.09,2.14,1.5,2.62,508,163,397,308,5
732,0,1,0,22,0.64,0.36,False,True,3,4,0,0,-2.34,2.62,0.1,3.06,1.78,1.02,605,736,815,729,7
733,0,1,0,22,0.68,0.32,False,True,9,10,0,0,-2.1,2.11,0.1,3.84,1.89,1.08,466,200,390,327,5
734,0,1,0,22,0.95,0.05,False,True,3,4,0,3,-4.99,5.33,0.2,4.49,0.85,0.29,523,697,736,748,11
735,1,2,0,22,0.45,0.55,False,True,9,10,0,0,2.45,-2.59,0.09,4.52,1.43,0.24,566,129,487,179,5
736,0,1,0,22,0.73,0.27,False,True,3,10,0,6,-3.29,3.12,0.43,5.49,1.13,0.74,385,505,440,620,7
737,0,1,0,22,0.68,0.32,False,True,3,10,0,0,-2.09,2.08,0.62,2.9,1.61,0.35,404,559,499,680,7
738,0,1,0,22,0.82,0.18,False,True,3,5,0,0,-5.94,6.29,0.12,2.66,1.12,0.36,771,742,987,577,3
739,0,1,0,22,0.5,0.5,False,True,3,10,0,0,2.03,-2.07,1.01,3.29,1.62,0.41,492,675,573,724,5
740,0,1,0,22,0.68,0.32,False,True,9,10,0,4,-2.26,2.32,0.32,4.67,1.48,0.58,589,120,439,231,3
741,0,1,0,22,0.73,0.27,False,True,9,10,0,0,-4.07,4.44,0.25,3.55,0.84,0.2,404,290,390,523,6
742,0,1,0,22,0.45,0.55,False,True,9,10,0,0,2.52,-2.59,0.66,3.13,2.15,0.86,582,122,496,172,7
743,0,1,0,22,0.41,0.59,False,True,9,11,0,1,7.43,-7.39,0.3,2.44,0.78,0.37,1008,322,926,192,2
744,0,1,0,22,0.68,0.32,False,True,3,4,0,4,-2.61,2.67,0.35,4.67,1.58,0.6,748,746,917,667,4
745,0,0,0,22,1,0,True,False,3,4,0,3,-5.03,5.29,0.1,4.96,0.98,0,509,688,718,749,9
746,0,0,0,22,1,0,True,False,9,10,0,0,-7.69,8.04,0.09,3.62,0.97,0.16,460,206,376,456,6
747,0,1,0,22,0.77,0.23,False,True,3,4,0,0,-4.87,5.18,0.62,2,2.86,2.44,511,689,756,745,5
748,0,1,0,22,0.55,0.45,False,True,9,10,0,3,4.12,-4.24,0.11,3.9,1.02,0.42,989,277,927,193,5
749,0,1,0,22,0.68,0.32,False,True,9,10,0,1,-1.24,1.36,0.1,4.35,1.41,0.54,921,187,747,103,5
750,0,1,0,22,0.64,0.36,False,True,3,4,0,0,-1.1,1.24,0.27,2.67,1.13,0.51,960,620,1025,425,4
751,0,1,0,22,0.64,0.36,False,True,9,11,0,0,-2.91,3.27,0.24,0.75,3.13,3.43,983,266,781,110,6
752,0,1,0,22,0.55,0.45,False,True,9,10,0,3,1.91,-1.93,0.08,3.89,1.28,0.45,399,304,375,439,4
753,0,1,0,22,0.64,0.36,False,True,9,10,0,3,-1.34,1.47,0.35,4.01,0.75,0.21,962,233,868,147,9
754,0,1,0,22,0.5,0.5,False,True,9,10,0,0,1.47,-1.54,0.1,3.24,1.1,0.93,927,192,852,138,8
755,0,1,0,22,0.55,0.45,False,True,3,4,0,0,2.2,-2.29,0.12,4.52,1.11,0,940,645,999,552,4
756,0,1,0,22,0.68,0.32,False,True,9,10,0,6,-3.1,3.23,0.2,5.57,2,0.82,973,249,823,124,5
757,0,1,0,22,0.55,0.45,False,True,3,4,0,3,3.65,-3.68,0.11,3.89,1.09,0.24,470,655,586,729,4
758,0,1,0,22,0.41,0.59,False,True,3,5,0,1,6.94,-6.88,0.3,2.44,0.72,0.27,872,701,983,584,2
759,0,1,0,22,0.68,0.32,False,True,3,4,0,2,-3.35,3.65,0.09,4.59,0.7,0,523,697,738,748,5
760,0,0,0,22,1,0,True,False,3,4,0,7,-3.4,3.39,0.13,7.29,1.47,0.61,961,618,1010,524,7
761,0,1,0,22,0.45,0.55,False,True,9,10,0,0,3.26,-3.33,0.1,3.13,2.77,1.54,582,122,496,172,6
762,0,1,0,22,0.5,0.5,False,True,9,10,0,0,0.96,-1.06,0.3,2.12,3.82,3.3,983,265,909,176,8
763,0,1,0,22,0.82,0.18,False,True,9,10,0,1,-5.45,5.73,0.13,3.84,1.91,0.62,516,157,380,367,5
764,0,1,0,22,0.82,0.18,False,True,9,10,0,0,-6,6.36,0.12,2.66,1.12,0.35,391,325,424,596,3
765,0,1,0,22,0.68,0.32,False,True,9,10,0,6,-3.14,3.27,0.2,5.57,2.01,0.81,1021,372,932,198,5
766,0,0,0,22,1,0,True,False,9,10,0,2,-7.27,7.92,0.43,2.5,1.72,1.16,974,250,726,101,8
767,0,1,0,22,0.73,0.27,False,True,9,10,0,0,-4.03,4.42,0.21,3.55,0.68,0.17,376,398,444,625,6
768,0,1,0,22,0.68,0.32,False,True,3,4,0,4,-2.03,2.18,0.44,4.28,1.32,0.4,783,739,944,640,4
769,0,1,0,22,0.77,0.23,False,True,9,10,0,0,-3.61,3.87,0.27,2.97,0.93,0.26,375,436,461,646,4
770,0,1,0,22,0.77,0.23,False,True,3,10,0,0,-3.92,4.19,0.27,2.97,0.81,0.22,384,499,513,691,3
771,0,1,0,22,0.77,0.23,False,True,3,10,0,2,-5.83,6.42,0.2,2.68,2.2,1.64,395,537,594,732,6
772,0,1,0,22,0.64,0.36,False,True,9,10,0,0,-2.31,2.59,0.1,3.06,1.63,1,687,100,492,175,7
773,0,1,0,22,0.55,0.45,False,True,3,4,0,0,0.89,-1.04,1.02,2.93,1.11,0.84,821,727,904,678,10
774,0,1,0,22,0.64,0.36,False,True,9,10,0,0,-2.45,2.81,0.6,0.71,2.81,3.12,410,277,393,532,6
775,1,1,0,22,0.95,0.05,True,False,9,9,0,0,-4.34,4.52,0.38,3.99,1.69,0.7,466,200,390,327,6
776,0,1,0,22,0.77,0.23,False,True,3,4,0,0,-5.54,5.79,1.04,2.1,0.93,0.65,494,676,750,746,5
777,0,1,0,22,0.45,0.55,False,True,9,10,0,0,2.03,-2.23,1.01,4.02,1.33,0.14,406,286,377,388,5
778,0,1,0,22,0.45,0.55,False,True,9,10,0,0,5.43,-5.5,0.1,3.13,1.37,0.2,435,237,391,326,5
779,0,1,0,22,0.5,0.5,False,True,3,4,0,3,4.11,-4.16,0.11,3.89,0.93,0.41,762,744,882,694,4
780,0,1,0,22,0.55,0.45,False,True,9,10,0,3,1.53,-1.54,0.09,3.89,1.42,0.45,961,231,853,138,3
781,0,1,0,22,0.77,0.23,False,True,3,4,0,0,-5.89,6.12,0.24,2.12,3.01,1.96,803,733,997,558,4
782,0,1,0,22,0.91,0.09,False,True,9,10,0,2,-7.33,7.94,0.2,3.08,2.15,1.18,974,250,726,101,6
783,0,1,0,22,0.82,0.18,False,True,3,10,0,0,-5.98,6.33,0.12,2.66,1.12,0.35,1025,418,905,173,3
784,0,0,0,22,1,0,True,False,9,10,0,2,-8.23,8.78,0.09,3.08,1.66,0.67,378,381,471,656,6
785,0,1,0,22,0.68,0.32,False,True,3,3,0,1,-2.2,2.29,0.14,4.93,1.19,0.33,998,555,1025,441,12
786,0,1,0,22,0.73,0.27,False,True,9,10,0,8,-1.35,1.35,0.74,7.77,1.87,1.24,968,242,889,160,6
787,0,1,0,22,0.86,0.14,False,True,9,10,0,2,-6,6.54,0.26,2.47,2,1.45,786,112,511,161,6
788,0,1,0,22,0.95,0.05,False,True,3,4,0,3,-4.82,5.07,0.09,4.96,0.94,0.14,482,666,680,749,8
789,0,1,0,22,0.59,0.41,False,True,3,4,0,0,0.52,-0.44,0.22,2.69,1.26,0.78,823,726,951,631,7
790,0,1,0,22,0.73,0.27,False,True,9,10,0,0,-3.8,4.17,0.21,3.55,0.69,0.19,382,356,418,587,5
791,0,1,0,22,0.41,0.59,False,True,9,11,0,1,6.98,-6.95,0.1,2.44,0.97,0.39,792,113,640,106,3
792,0,1,0,22,0.77,0.23,False,True,3,4,0,0,-3.8,4.06,0.11,3.17,2.68,1.19,944,639,1024,456,10
793,0,1,0,22,0.68,0.32,False,True,3,4,0,6,-1.21,0.98,0.1,5.74,1.27,0.29,490,673,575,725,6
794,0,1,0,22,0.5,0.5,False,True,3,4,0,3,4.11,-4.16,0.11,3.89,0.93,0.41,762,744,882,694,5
795,0,1,0,22,0.68,0.32,False,True,3,10,0,6,-3.12,3.26,0.2,5.57,2,0.81,379,473,464,648,5
796,0,0,0,22,1,0,True,False,3,4,0,3,-5.15,5.41,0.1,4.96,0.97,0,546,711,764,744,10
797,0,1,0,22,0.86,0.14,False,True,9,10,0,3,-4.07,4.32,0.3,4.89,1.01,0.14,648,104,464,201,7
798,0,1,0,22,0.45,0.55,False,True,9,10,0,0,2.11,-2.32,1.01,4.02,1.36,0.15,960,230,884,157,4
799,0,1,0,22,0.68,0.32,False,True,9,10,0,0,-2.18,2.5,0.08,3.06,0.68,0,498,170,382,360,6
800,0,1,0,22,0.68,0.32,False,True,9,10,0,6,-2.92,3.04,0.2,5.57,2.03,0.85,446,222,376,401,5
801,1,1,0,22,0.95,0.05,True,False,9,10,0,0,-7.11,7.59,1.05,1.94,1.06,0.16,658,103,434,239,5
802,0,0,0,22,1,0,True,False,3,4,0,0,-4.97,5.29,0.82,2.31,1.18,0.29,723,749,926,659,11
803,0,1,0,22,0.82,0.18,False,True,3,4,0,0,-4.69,4.98,0.97,3.28,0.75,0.2,638,744,868,703,5
804,0,1,0,22,0.45,0.55,False,True,3,10,0,0,0.44,-0.65,2.15,4.02,1.49,0.14,447,629,527,700,5
805,0,1,0,22,0.91,0.09,False,True,9,10,0,0,-5.58,5.84,0.82,1.58,2.28,0.56,375,428,464,649,6
806,0,1,0,22,0.73,0.27,False,True,9,10,0,0,-1.23,1.25,1.69,2.05,1.04,0.17,715,100,560,132,8
807,0,0,0,22,1,0,True,False,9,10,0,0,-7.17,7.55,1.4,2.33,1.13,0.22,381,485,531,703,4
808,0,1,0,22,0.95,0.05,False,True,9,10,0,0,-7.77,8.22,1.49,1.92,0.66,0.16,930,195,674,101,5
809,0,1,0,22,0.45,0.55,False,True,10,10,5,0,0.74,-0.88,4.83,1.97,1.46,0.46,986,271,891,162,3
810,0,1,0,22,0.5,0.5,False,True,3,10,0,3,1.81,-1.94,0.79,3.9,0.72,0.19,463,648,543,710,5
811,0,0,0,22,1,0,True,False,9,10,0,0,-7.52,7.96,0.28,2.31,1.64,0.67,463,202,379,475,6
812,0,1,0,22,0.5,0.5,False,True,9,10,0,0,0.37,-0.28,0.25,3.55,2.55,1.67,510,161,413,273,6
813,0,1,0,22,0.5,0.5,False,True,9,11,0,0,3.51,-3.33,0.28,2.18,0.63,1.39,586,121,440,229,5
814,0,1,0,22,0.64,0.36,False,True,9,10,0,3,-1.27,1.4,0.35,4.01,0.63,0.22,385,505,440,620,9
815,0,1,0,22,0.73,0.27,False,True,9,10,0,0,-4.41,4.73,0.33,3.28,1.27,0.15,1004,310,840,132,3
816,0,1,0,22,0.5,0.5,False,True,9,10,3,0,0.33,-0.46,4.26,1.97,1.41,0.47,377,386,393,532,3
817,0,1,0,22,0.59,0.41,False,True,3,11,0,0,-1.16,1.54,0.55,1.11,0.42,0.25,460,644,677,749,3
818,0,1,0,22,0.73,0.27,False,True,9,10,0,0,-4.46,4.78,0.33,3.28,1.27,0.15,376,448,483,667,3
819,0,1,0,22,0.82,0.18,False,True,9,10,0,4,-3.42,3.53,0.49,4.07,2.04,0.78,525,151,399,302,6
820,0,1,0,22,0.45,0.55,False,True,9,10,0,0,1.96,-2.17,1.61,4.02,1.4,0.16,378,378,380,481,5
821,0,1,0,22,0.5,0.5,False,True,3,10,0,0,1.09,-1.06,0.67,2.17,2,1.1,446,628,559,718,7
822,0,0,0,22,1,0,True,False,9,10,0,0,-7.91,8.28,0.09,2.13,0.93,0.61,641,105,438,233,7
823,1,2,0,22,0.73,0.27,False,True,3,4,0,6,-2.55,2.46,0.13,5.68,1.54,0,439,619,542,709,9
824,0,1,0,22,0.5,0.5,False,True,9,10,0,0,1.17,-1.16,0.1,3.21,0.75,0.78,467,199,399,302,8
825,0,1,0,22,0.55,0.45,False,True,3,4,0,0,0.99,-1.13,0.26,3.04,1.54,0.99,592,732,716,750,5
826,0,0,0,22,0.95,0,False,False,9,10,0,0,-6.88,7.31,0.2,2.91,0.88,0.3,633,107,425,252,6
827,0,1,0,22,0.55,0.45,False,True,3,4,0,3,3.66,-3.7,0.17,3.89,1.01,0.38,976,597,1022,471,4
828,0,1,0,22,0.41,0.59,False,True,9,11,0,1,7.01,-6.95,0.3,2.44,0.72,0.28,487,179,396,311,2
829,0,1,0,22,0.68,0.32,False,True,9,10,0,4,-2.36,2.43,0.32,4.67,1.49,0.56,782,110,594,118,4
830,0,1,0,22,0.73,0.27,False,True,9,10,0,0,-0.56,0.54,0.36,5.2,1.22,0,978,257,905,173,7
831,1,2,0,22,0.64,0.36,False,True,9,10,0,0,-0.59,0.45,0.37,4.06,3.18,0.98,930,195,845,134,7
832,0,1,0,22,0.59,0.41,False,True,3,4,0,0,-1.71,1.71,0.14,4.53,1.83,0.57,634,743,793,736,5
833,0,1,0,22,0.64,0.36,False,True,3,10,0,0,-2.28,2.33,0.61,3.8,1.32,0.21,399,547,503,684,6
834,0,1,0,22,0.68,0.32,False,True,9,10,0,0,-2.71,3.03,0.19,3.06,0.82,0,598,117,423,255,6
835,0,1,0,22,0.59,0.41,False,True,9,10,0,0,0.08,-0.2,1.19,3.34,0.72,0.45,376,447,411,574,6
836,0,1,0,22,0.68,0.32,False,True,3,4,0,4,-2.48,2.53,0.35,4.67,1.57,0.62,517,694,694,750,3
837,0,1,0,22,0.59,0.41,False,True,9,11,0,0,-1.08,1.48,1.72,1.11,0.34,0.22,394,316,405,562,4
838,0,0,0,22,1,0,True,False,9,10,0,0,-7.12,7.49,0.11,2.95,2.02,0.99,593,118,405,288,7
839,0,1,0,22,0.55,0.45,False,True,3,4,0,0,1.61,-1.67,0.07,3.24,0.96,0.67,967,610,1010,522,8
840,0,1,0,22,0.5,0.5,False,True,9,11,0,0,3.52,-3.34,0.27,2.18,0.47,1.33,508,163,397,308,5
841,0,1,0,22,0.77,0.23,False,True,9,10,0,2,-6.51,7.14,0.38,2.68,1.66,1.17,968,241,717,100,7
842,0,1,0,22,0.86,0.14,False,True,3,4,0,0,-7.19,7.75,0.11,2.83,1.43,0.96,702,750,957,624,6
843,0,1,0,22,0.45,0.55,False,True,9,10,0,0,2.05,-2.12,1.74,3.13,1.43,0.19,582,122,496,172,6
844,0,0,0,22,1,0,True,False,9,10,0,4,-7.03,7.51,0.09,3.87,1.32,0.85,420,260,395,537,4
845,0,1,0,22,0.95,0.05,False,True,9,10,0,3,-4.47,4.78,0.2,4.49,0.88,0.42,438,232,375,434,11
846,0,1,0,22,0.41,0.59,False,True,9,11,0,1,6.58,-6.51,0.3,2.44,0.69,0.21,404,291,377,457,2
847,0,1,0,22,0.55,0.45,False,True,9,10,0,0,0.36,-0.49,1.08,3.34,0.7,0.34,954,222,856,140,7
848,0,1,0,22,0.68,0.32,False,True,9,10,0,0,-2.98,3.23,0.19,3.24,0.68,0.26,375,436,461,646,4
849,0,1,0,22,0.64,0.36,False,True,3,5,0,0,-2.39,2.74,1.67,0.71,2.79,3.09,679,749,917,667,6
850,0,1,0,22,0.86,0.14,False,True,9,10,0,4,-6.92,7.4,0.13,4.17,1.31,0.2,909,176,632,107,3
851,0,1,0,22,0.73,0.27,False,True,3,4,0,3,-5.25,5.73,0.1,3.39,2.42,2.59,450,632,686,750,7
852,1,2,0,22,0.68,0.27,False,True,9,10,0,0,-2.65,2.83,0.42,2.78,2.13,1.34,708,100,538,143,9
853,0,0,0,22,1,0,True,False,3,4,0,0,-8.14,8.59,0.09,3.57,1.02,0,727,749,966,612,5
854,0,1,0,22,0.5,0.5,False,True,9,10,0,0,1.46,-1.42,0.69,2.1,2.72,2.03,751,104,603,115,6
855,0,1,0,22,0.95,0.05,False,True,9,10,0,6,-6.62,6.97,0.1,4.88,1.27,0.19,1020,370,880,155,2
856,0,1,0,22,0.68,0.32,False,True,9,10,0,4,-2.64,2.71,0.35,4.67,1.58,0.59,381,486,468,652,3
857,0,1,0,22,0.41,0.59,False,True,9,11,0,1,7.12,-7.07,0.3,2.44,0.74,0.3,758,105,599,116,2
858,0,1,0,22,0.73,0.27,False,True,9,10,0,0,-3.71,3.93,0.81,0.66,3.3,3.5,484,182,384,350,6
859,0,1,0,22,0.55,0.45,False,True,9,10,0,3,1.51,-1.52,0.09,3.89,1.43,0.45,926,191,804,117,4
860,0,1,0,22,0.64,0.36,False,True,9,10,0,2,-3.13,3.42,0.11,4.59,0.73,0.14,721,101,513,160,5
861,0,1,0,22,0.64,0.36,False,True,9,10,0,0,-0.82,0.91,0.1,2.77,2.73,2.68,961,231,853,138,11
862,0,1,0,22,0.5,0.45,False,True,3,4,0,0,1.27,-1.33,0.1,3.24,1.09,0.99,878,697,950,633,9
863,0,1,0,22,0.68,0.32,False,True,9,10,0,6,-3.09,3.22,0.2,5.57,2.18,0.85,446,222,376,401,6
864,0,1,0,22,0.64,0.36,False,True,9,10,0,0,-0.78,0.68,0.45,2.58,1.62,0.87,426,250,378,380,9
865,0,1,0,22,0.5,0.5,False,True,3,10,0,0,1.36,-1.52,0.26,3.04,1.51,1.04,429,605,513,690,5
866,0,1,0,22,0.68,0.32,False,True,3,4,0,6,-3.19,3.33,0.2,5.57,2,0.8,712,750,896,684,5
867,0,1,0,22,0.5,0.5,False,True,3,4,0,3,3.97,-4.01,0.11,3.89,0.98,0.4,845,716,949,634,4
868,0,1,0,22,0.68,0.32,False,True,3,4,0,9,-2.24,2.17,0.2,6.68,1.29,0,454,638,564,720,5
869,0,1,0,22,0.55,0.45,False,True,9,10,0,0,0.19,-0.27,0.71,3.75,1.48,0.14,1012,333,942,208,2
870,0,1,0,22,0.77,0.23,False,True,3,4,0,0,-3.67,4,0.1,2.09,1.58,1.56,424,596,613,738,7
871,0,1,0,22,0.77,0.23,False,True,9,10,0,0,-5.48,5.68,0.24,2.12,2.91,2.04,808,119,554,135,4
872,0,1,0,22,0.77,0.23,False,True,9,10,0,0,-5.49,5.81,0.4,2.66,1.58,0.73,1000,301,812,120,4
873,0,1,0,22,0.45,0.55,False,True,3,10,0,0,1.1,-1.3,0.8,4.02,1.38,0,409,570,473,657,5
874,0,1,0,22,0.91,0.09,False,True,9,10,0,0,-2.38,2.28,0.73,3.17,2.19,1.54,437,234,387,337,12
875,0,1,0,22,0.77,0.23,False,True,9,10,0,4,-3.43,3.62,0.26,4.35,1.33,0.79,375,413,433,610,6
876,0,1,0,22,0.45,0.55,False,True,9,11,0,1,4.84,-4.79,0.32,2.35,0.52,0,530,148,409,281,1
877,0,1,0,22,0.55,0.45,False,True,3,10,0,2,0.87,-0.93,0.08,4.61,0.97,0.52,430,607,523,698,6
878,0,1,0,22,0.55,0.45,False,True,3,10,0,0,1.28,-1.35,0.48,2.91,0.83,0.53,1024,403,990,279,8
879,0,1,0,22,0.41,0.59,False,True,9,10,0,0,2.76,-2.91,0.05,4.52,1.35,0.27,659,103,572,126,4
880,0,1,0,22,0.91,0.09,False,True,9,10,0,4,-4.03,4.18,0.13,4.74,2.64,1.11,1008,323,888,160,6
881,0,1,0,22,0.45,0.55,False,True,9,10,0,0,1.65,-1.82,0.21,3.56,2.99,1.7,650,104,554,134,6
882,0,1,0,22,0.41,0.59,False,True,9,11,0,1,7.51,-7.48,0.3,2.44,0.79,0.39,1022,382,967,240,2
883,0,0,0,22,1,0,True,False,9,10,0,3,-6.36,6.67,0.13,4.64,1.12,0.36,375,428,464,649,6
884,0,0,0,22,1,0,True,False,9,10,0,0,-5.7,6,0.13,3.61,2.35,0.68,1004,310,840,132,6
885,0,1,0,22,0.73,0.27,False,True,3,4,0,0,-3.54,3.84,0.47,2.45,1.12,0.18,866,704,1007,531,8
886,0,1,0,22,0.73,0.27,False,True,9,10,0,5,-1.45,1.34,0.21,6.64,1.23,0,508,163,431,242,8
887,0,0,0,22,1,0,True,False,9,10,0,4,-7.08,7.53,0.1,4,1.35,0.29,947,214,695,100,5
888,0,1,0,22,0.68,0.32,False,True,3,4,0,4,-2.65,2.72,0.35,4.67,1.58,0.59,927,657,1018,493,4
889,0,1,0,22,0.77,0.23,False,True,9,10,0,0,-3.74,4.01,0.27,2.97,0.93,0.24,376,448,471,656,5
890,0,1,0,22,0.41,0.59,False,True,9,11,0,1,6.9,-6.84,0.3,2.44,0.71,0.26,794,114,632,107,2
891,0,1,0,22,0.68,0.27,False,True,9,10,0,6,-3.51,3.71,0.1,5.64,2.69,1.02,383,354,401,552,6
892,0,1,0,22,0.73,0.27,False,True,9,10,0,0,-3.87,4.15,0.11,2.62,2.18,1.94,598,117,423,255,7
893,0,0,0,22,1,0,True,False,9,10,0,4,-7.12,7.57,0.1,4,1.33,0.28,1016,351,843,133,6
894,0,1,0,22,0.86,0.14,False,True,9,10,0,0,-4.86,5.01,0.11,1.99,2.99,3.01,390,328,403,557,8
895,0,0,0,22,1,0,True,False,9,10,0,3,-6.63,6.92,0.13,4.42,1.29,0.2,633,107,426,250,3
896,0,1,0,22,0.5,0.5,False,True,3,4,0,0,1.27,-1.26,0.1,3.21,0.74,0.82,832,722,931,653,8
897,0,1,0,22,0.5,0.5,False,True,3,10,0,2,1.3,-1.38,0.09,4.61,0.75,0.79,409,570,483,667,6
898,0,1,0,22,0.82,0.18,False,True,3,4,0,0,-4.78,5.1,0.13,3.46,1.94,0.68,406,564,584,728,6
899,0,1,0,22,0.68,0.32,False,True,9,10,0,3,-0.52,0.38,0.32,4.03,1.45,0.24,1015,344,956,224,8
900,0,1,0,22,0.86,0.14,False,True,9,10,0,3,-4.13,4.38,0.3,4.89,1.01,0.14,687,100,492,175,6
901,1,2,0,22,0.45,0.55,False,True,3,4,0,0,0.54,-0.78,1.05,4.2,2,0.26,621,740,712,750,4
902,0,1,0,22,0.95,0.05,False,True,3,4,0,0,-7.23,7.57,1.05,1.86,1.54,0.14,435,614,669,749,4
903,0,1,0,22,0.86,0.14,False,True,9,10,2,0,-5.51,5.8,2.42,1.11,0.95,0.53,376,443,475,659,9
904,0,1,0,22,0.73,0.27,False,True,9,10,0,0,-4.32,4.56,2.07,1.5,1.38,0.54,1021,371,905,172,7
905,0,1,0,22,0.68,0.32,False,True,9,10,0,0,-2.84,2.99,1.03,2.67,1.05,0.14,635,107,454,213,4
906,0,0,0,22,1,0,True,False,9,10,0,0,-6.95,7.27,1.24,1.61,1.96,0.29,491,176,375,411,6
907,0,1,0,22,0.41,0.59,False,True,9,10,0,0,3.14,-3.33,1.93,2.72,1.44,0.27,659,103,572,126,4
908,0,1,0,22,0.91,0.09,False,True,9,10,0,0,-6.55,6.82,1.89,1.85,1.38,0.28,381,361,427,602,4
909,0,1,0,22,0.55,0.45,False,True,3,4,0,0,0.41,-0.28,1.22,1.52,1.54,1.69,837,720,957,624,7
910,0,0,0,22,1,0,True,False,9,10,0,0,-7.21,7.65,0.67,2.27,0.9,0.36,947,214,695,100,6
911,0,0,0,22,1,0,True,False,3,1,0,15,-25.15,25.44,0.24,6.77,0.4,0.15,415,582,504,684,2
912,0,1,0,22,0.5,0.5,False,True,3,10,0,0,-0.04,-0.1,0.85,3.04,1.48,0.79,409,570,483,667,5
913,0,0,0,22,1,0,True,False,3,4,0,2,-7.52,8.07,0.4,2.55,0.64,0.33,702,750,957,624,8
914,0,0,0,22,1,0,True,False,9,2,0,0,-19.99,20.48,0.24,4.04,0.44,0.24,375,428,430,605,1
915,0,1,0,22,0.68,0.32,False,True,9,10,0,0,-2.15,2.24,0.36,1.06,3.06,4.28,558,133,418,264,9
916,0,0,0,22,1,0,True,False,9,10,0,0,-8.11,8.47,0.26,2.62,1.07,1.13,614,112,405,289,4
917,0,1,0,22,0.68,0.32,False,True,9,10,0,4,-2.22,2.37,0.41,4.28,1.23,0.37,446,222,376,401,3
918,0,1,0,22,0.41,0.59,False,True,3,11,0,1,6.63,-6.55,0.31,2.44,0.69,0.22,402,554,505,685,2
919,0,1,0,22,0.82,0.18,False,True,9,10,0,4,-4.03,4.17,0.47,4.21,1.85,0.62,428,247,375,443,6
920,0,1,0,22,0.5,0.5,False,True,3,10,0,0,1.23,-1.23,0.1,3.21,0.75,0.8,1025,409,996,291,8
921,0,1,0,22,0.73,0.27,False,True,9,10,0,4,-2.85,3.02,0.28,4.28,2.27,1.14,973,249,823,124,7
922,0,1,0,22,0.41,0.59,False,True,3,11,0,1,6.81,-6.75,0.3,2.44,0.7,0.24,408,568,515,692,2
923,0,1,0,22,0.77,0.23,False,True,9,10,0,0,-5.01,5.34,0.35,3.28,1.49,0.15,761,106,519,155,4
924,0,1,0,22,0.5,0.5,False,True,9,10,0,0,1.25,-1.24,0.1,3.21,0.74,0.8,997,293,928,193,8
925,0,1,0,22,0.86,0.14,False,True,3,4,0,7,-4.2,4.39,0.25,5.56,1.15,0.14,673,749,876,698,4
926,0,0,0,22,1,0,True,False,3,4,0,0,-5.7,5.96,0.39,2.79,1.31,1.1,748,747,952,630,7
927,0,1,0,22,0.77,0.18,False,True,9,10,0,2,-6.08,6.64,0.8,2.53,0.93,0.45,945,211,691,100,6
928,0,1,0,22,0.68,0.32,False,True,3,4,0,0,-4.18,4.37,1.76,0.73,3.16,3.41,918,666,1025,437,8
929,0,1,0,22,0.55,0.45,False,True,9,10,0,3,3.91,-4.03,0.17,3.9,1.03,0.42,453,213,399,303,4
930,0,1,0,22,0.55,0.45,False,True,9,10,0,3,3.3,-3.32,0.17,3.89,1.15,0.24,871,149,739,102,3
931,0,1,0,22,0.64,0.36,False,True,9,10,0,2,-1.18,1.06,0.12,5.63,1.65,0.8,375,432,400,550,7
932,0,1,0,22,0.55,0.45,False,True,3,10,0,3,0.44,-0.46,0.75,3.89,1.51,0.46,463,648,577,726,7
933,0,0,0,22,1,0,True,False,9,10,0,0,-7.81,8.18,0.09,2.49,1.75,1.61,995,288,799,116,8
934,0,1,0,22,0.95,0.05,False,True,3,4,0,3,-4.92,5.25,0.2,4.49,0.86,0.29,509,688,718,749,11
935,0,0,0,22,1,0,True,False,9,4,0,0,-8.83,9.29,0.09,0.87,1.08,1.82,376,454,525,699,10
936,0,1,0,22,0.77,0.23,False,True,3,4,0,2,-5.64,6.2,0.3,2.53,1.95,1.58,491,673,758,745,5
937,0,1,0,22,0.95,0.05,False,True,3,4,0,1,-5.4,5.74,0.1,4.37,0.68,0.14,397,542,561,719,6
938,0,1,0,22,0.41,0.59,False,True,9,11,0,1,6.54,-6.46,0.3,2.44,0.68,0.2,407,285,376,450,2
939,0,1,0,22,0.77,0.23,False,True,3,10,0,2,-5.57,6.14,0.26,2.53,1.65,1.3,395,537,594,732,5
940,0,1,0,22,0.41,0.59,False,True,3,11,0,1,6.53,-6.45,0.3,2.44,0.68,0.2,426,600,550,713,2
941,0,1,0,22,0.73,0.27,False,True,3,4,0,0,-3.96,4.25,0.11,2.62,2.19,1.92,630,742,853,712,7
942,0,1,0,22,0.68,0.32,False,True,9,10,0,4,-2.1,2.24,0.38,4.28,2.22,1.06,638,106,472,193,5
943,0,0,0,22,1,0,True,False,3,4,0,3,-6.28,6.58,0.16,4.64,1.05,0.35,921,664,1024,450,6
944,0,1,0,22,0.55,0.41,False,True,3,4,0,0,-1.35,1.27,1.28,3.47,1.64,0.51,468,652,546,711,6
945,0,1,0,22,0.45,0.55,False,True,9,10,0,0,1.16,-1.37,1.11,4.02,1.55,0.16,937,202,855,139,4
946,0,1,0,22,0.5,0.5,False,True,3,10,0,0,2.37,-2.41,0.5,2.04,2.35,1.66,1025,412,984,268,4
947,0,1,0,22,0.68,0.32,False,True,3,4,0,0,-3.43,3.86,0.25,3.33,0.86,0,820,727,987,577,7
948,0,1,0,22,0.95,0.05,False,True,3,4,0,4,-7.57,8.06,0.16,3.82,1.59,0.15,462,647,735,748,4
949,0,1,0,22,0.95,0.05,False,True,3,4,0,3,-4.86,5.19,0.2,4.49,0.86,0.29,478,662,677,749,8
950,0,1,0,22,0.45,0.55,False,True,9,10,0,1,2.72,-2.79,0.19,3.99,0.99,0.27,1022,383,985,268,3
951,0,1,0,22,0.77,0.23,False,True,9,10,0,2,-6.49,7.09,0.22,2.53,2.34,1.76,968,241,717,100,7
952,0,1,0,22,0.77,0.23,False,True,9,10,0,2,-6.38,7.01,0.3,2.68,1.84,1.35,959,228,702,100,6
953,0,0,0,22,1,0,True,False,9,10,0,3,-3.17,3.23,0.12,5.57,0.96,0.34,954,222,856,140,13
954,0,1,0,22,0.64,0.36,False,True,9,10,0,0,0.41,-0.5,0.27,3.34,1.12,0.59,847,135,708,100,6
955,0,1,0,22,0.77,0.23,False,True,3,4,0,3,-4.61,4.95,0.3,3.82,1.56,1.16,409,569,572,724,8
956,0,1,0,22,0.55,0.45,False,True,3,4,0,0,1.01,-1.14,0.08,4.45,1.13,0.61,926,659,987,577,7
957,0,1,0,22,0.55,0.45,False,True,3,4,0,3,3.86,-3.89,0.11,3.89,1.01,0.38,976,597,1022,471,4
958,0,1,0,22,0.68,0.32,False,True,3,4,0,2,-1.33,1.25,0.56,4.61,1.29,0.14,842,718,949,633,6
959,0,1,0,22,0.77,0.23,False,True,9,10,0,2,-6.17,6.77,0.26,2.53,1.47,1.17,382,356,453,636,5
960,0,1,0,22,0.45,0.55,False,True,9,11,0,1,5.15,-5.1,0.65,2.35,0.52,0,530,148,409,281,2
961,0,1,0,22,0.41,0.59,False,True,9,11,0,1,6.9,-6.87,0.1,2.44,0.95,0.37,1008,322,926,192,3
962,0,1,0,22,0.5,0.5,False,True,3,10,0,0,1.68,-1.72,0.07,2.04,3.4,2.66,385,506,454,637,5
963,0,1,0,22,0.86,0.14,False,True,3,4,0,2,-4.46,4.68,0.16,3.78,1.24,1.02,821,727,974,600,12
964,0,1,0,22,0.41,0.59,False,True,9,11,0,1,6.44,-6.35,0.3,2.44,0.68,0.19,930,196,783,111,2
965,0,1,0,22,0.5,0.45,False,True,9,10,0,0,3.61,-3.78,3.32,1.37,2.33,2.44,1022,379,961,232,5
966,0,1,0,22,0.95,0.05,False,True,3,4,0,0,-6.58,6.92,0.09,3.69,1.62,0.43,478,663,713,750,6
967,0,1,0,22,0.68,0.32,False,True,3,10,0,0,-2.61,2.87,0.08,3.24,0.82,0.39,387,511,520,696,4
968,0,1,0,22,0.82,0.18,False,True,3,5,0,0,-5.94,6.29,0.12,2.66,1.12,0.36,771,742,987,577,3
969,0,1,0,22,0.77,0.23,False,True,9,10,0,2,-5.86,6.44,0.26,2.53,1.56,1.23,423,254,395,536,5
970,0,1,0,22,0.77,0.23,False,True,9,11,0,6,-5.4,5.7,0.24,4.93,0.48,0.14,539,143,381,361,3
971,0,0,0,22,1,0,True,False,3,4,0,4,-3.26,3.42,0.1,5.78,1.58,0.77,743,747,868,703,13
972,0,1,0,22,0.68,0.32,False,True,9,10,0,10,-2.73,2.8,0.1,6.46,2.22,0.89,1014,341,914,181,4
973,0,1,0,22,0.68,0.32,False,True,3,4,0,6,-3.26,3.4,0.22,5.57,2.17,0.82,948,635,1024,455,6
974,0,1,0,22,0.73,0.27,False,True,9,10,0,5,-1.74,1.65,0.23,6.64,1.3,0.18,978,257,905,173,8
975,0,1,0,22,0.55,0.45,False,True,9,10,0,3,3.87,-3.9,0.11,3.89,1.01,0.39,443,227,384,347,5
976,0,1,0,22,0.95,0.05,False,True,3,4,0,3,-4.39,4.7,0.2,4.49,0.88,0.42,673,749,876,698,11
977,0,1,0,22,0.77,0.23,False,True,9,11,0,6,-5.4,5.7,0.24,4.93,0.48,0.14,539,143,381,361,3
978,0,1,0,22,0.68,0.32,False,True,9,10,0,1,-1.24,1.36,0.1,4.35,1.41,0.54,921,187,747,103,5
979,0,1,0,22,0.86,0.14,False,True,3,4,0,0,-5.98,6.3,0.24,3.54,1.24,0.19,918,666,1025,437,4
980,0,1,0,22,0.5,0.5,False,True,3,4,0,4,0.58,-0.55,0.27,4.28,1.7,1.28,986,579,1025,432,4
981,0,1,0,22,0.86,0.14,False,True,3,4,0,0,-6.76,7.02,0.24,2.54,1.49,0.54,521,696,789,738,4
982,0,0,0,22,1,0,True,False,9,10,0,4,-5.28,5.59,0.09,4.85,0.84,0.14,421,259,379,475,8
983,0,1,0,22,0.5,0.5,False,True,3,4,0,0,1.43,-1.44,0.08,3.21,0.72,0.85,896,684,976,596,8
984,0,1,0,22,0.82,0.14,False,True,3,4,0,0,-3.28,3.39,0.11,4.2,1.6,0.23,930,654,1015,507,11
985,0,1,0,22,0.86,0.14,False,True,3,4,0,8,-5.07,5.31,0.13,5.58,1.03,0.47,521,697,738,748,3
986,0,1,0,22,0.86,0.14,False,True,9,10,0,8,-5.15,5.4,0.13,5.58,1.01,0.45,375,423,451,634,4
987,0,1,0,22,0.55,0.45,False,True,3,4,0,0,0.99,-1.13,0.26,3.04,1.54,0.99,592,732,716,750,6
988,0,1,0,22,0.68,0.32,False,True,3,4,0,6,-1.21,0.98,0.1,5.74,1.27,0.29,490,673,575,725,6
989,0,1,0,22,0.59,0.41,False,True,9,10,0,0,2.72,-2.79,0.06,2.41,1.33,1.2,467,199,399,302,9
990,0,1,0,22,0.64,0.36,False,True,9,10,0,0,0.44,-0.52,0.28,3.34,1.12,0.59,847,135,708,100,6
991,0,0,0,22,1,0,True,False,3,4,0,3,-6.34,6.68,0.13,3.76,1.04,0.96,921,664,1024,450,8
992,0,1,0,22,0.64,0.36,False,True,3,10,0,3,-0.62,0.62,0.24,4.08,1.24,1.02,430,607,523,698,9
993,0,0,0,22,1,0,True,False,3,4,0,0,-8.06,8.46,0.3,1.93,1.38,1.11,518,694,778,740,5
994,0,1,0,22,0.64,0.36,False,True,3,4,0,0,-1.75,2.02,0.1,3.06,1.02,0.42,952,630,1025,437,6
995,0,1,0,22,0.86,0.14,False,True,3,4,0,0,-6.89,7.44,0.26,2.61,1.28,0.88,544,710,829,723,8
996,0,1,0,22,0.77,0.23,False,True,9,10,0,2,-5.54,6.1,0.22,2.53,1.66,1.3,376,405,479,663,5
997,0,1,0,22,0.45,0.55,False,True,9,10,0,0,5.29,-5.36,0.14,3.13,1.43,0.2,555,134,475,191,4
998,0,1,0,22,0.64,0.36,False,True,9,10,0,3,-0.79,0.92,0.32,4.01,0.62,0.21,962,233,868,147,8
999,0,1,0,22,0.45,0.55,False,True,9,11,0,1,5.01,-4.97,0.32,2.35,0.52,0,745,103,569,127,1
1000,0,0,0,22,1,0,True,False,9,10,0,0,-7.55,7.9,0.27,3.58,0.91,0.15,576,124,392,322,6
